file,patch_number,block,patch_length,patch_position,n_trials,beta_power_avg,frontal_asymmetry,aperiodic_exponent_avg,aperiodic_offset_avg,central_freq_avg
31730_processed.fif,1,pre-stress,8,early,3,1.3718544478901268e-13,1.028544311319056,1.2954929598429412,-12.056498364746126,22.255669759961304
31730_processed.fif,1,pre-stress,8,mid,3,1.6261750971129713e-13,0.9447468916278119,1.1788396224944047,-12.152324013241016,22.754164059449945
31730_processed.fif,1,pre-stress,8,late,2,1.7704033946927875e-13,1.0003923791128795,1.2184054759826684,-12.111284907836405,21.83818128241373
31730_processed.fif,1,pre-stress,8,leave,1,1.3805153852285104e-13,0.4985795189561806,1.2454866741800439,-12.134621230494938,25.627527094288762
31730_processed.fif,2,pre-stress,10,early,4,1.600921192063458e-13,0.8155493261131914,1.1497128197650968,-12.16457545795758,21.79737858114612
31730_processed.fif,2,pre-stress,10,mid,3,1.700515711670893e-13,0.8265487430076467,1.2029998962008317,-12.102705645774998,21.580934618586056
31730_processed.fif,2,pre-stress,10,late,3,1.8497591596662362e-13,0.6111901641435331,1.1566151312358295,-12.11984129690056,19.308281116350248
31730_processed.fif,2,pre-stress,10,leave,1,1.650644727471114e-13,1.0265343529081896,1.066633524557071,-12.224205423511405,20.100714763245037
31730_processed.fif,3,pre-stress,10,early,4,1.7552022166927663e-13,0.8607860886591245,1.4336698608074143,-11.774595574083211,18.53755958760043
31730_processed.fif,3,pre-stress,10,mid,3,2.356664872221977e-13,1.1218260775651696,1.0993957486533812,-12.21628816788914,20.801412471788996
31730_processed.fif,3,pre-stress,10,late,3,2.3975108581552204e-13,1.2169533239106205,1.7439433794747394,-11.232628318480552,26.65504758071563
31730_processed.fif,3,pre-stress,10,leave,1,2.1255213804843807e-13,1.0056742287437714,1.2094352337314287,-12.024741856131573,18.866216849637123
31730_processed.fif,4,pre-stress,7,early,3,1.237500215659765e-12,0.9145941246989615,1.577026298346495,-11.328025836447068,24.247089869653802
31730_processed.fif,4,pre-stress,7,mid,2,2.484127911340347e-13,0.9904153110940985,1.0999110693305827,-12.095778685616963,25.039995661104314
31730_processed.fif,4,pre-stress,7,late,2,2.6306487357124187e-13,1.0226399246725268,1.2876004844663824,-11.849159403367874,17.501053799451732
31730_processed.fif,4,pre-stress,7,leave,1,3.025634819901816e-13,0.9808204528514644,1.0960386856769422,-12.092389613213273,15.519859736213956
31730_processed.fif,5,pre-stress,4,early,2,2.3952884164954046e-13,1.2214556334219822,1.3549371452278534,-11.771990184472624,26.372180902526026
31730_processed.fif,5,pre-stress,4,mid,1,2.925475348775175e-13,1.7746821872458476,1.0855392949987444,-12.181337734526275,22.871239119042343
31730_processed.fif,5,pre-stress,4,late,1,3.0772513475267006e-13,1.4714684310459454,1.5848035529894202,-11.37395689094997,29.59119199153267
31730_processed.fif,5,pre-stress,4,leave,1,2.0408101484134755e-13,0.8013192688016169,0.9498944832598767,-12.377693423818824,22.424056194250493
31730_processed.fif,6,pre-stress,5,early,2,3.9367023098973473e-13,0.8807945663143393,1.3238571202566283,-11.71648406853383,24.159479571286795
31730_processed.fif,6,pre-stress,5,mid,2,2.022648255462291e-13,1.095708079846597,1.5645759226066485,-11.489893766205283,26.01379651037187
31730_processed.fif,6,pre-stress,5,late,1,2.334448822425962e-13,1.2685928209128576,1.4753249669886495,-11.573542048076973,20.32938612102814
31730_processed.fif,6,pre-stress,5,leave,1,2.262527333969673e-13,1.3972640463456507,1.2757035670560746,-11.930868652527913,28.543922328957514
31730_processed.fif,7,pre-stress,6,early,2,3.0946297146929903e-13,1.6757828569237354,1.499111139858392,-11.49453245622696,26.201356118688086
31730_processed.fif,7,pre-stress,6,mid,2,2.1381674728342306e-13,1.1933526028022854,1.3714217561366233,-11.718945492673562,30.4999864735887
31730_processed.fif,7,pre-stress,6,late,2,2.1967259355926317e-13,1.0363990170011572,1.4078957306430495,-11.689760742840459,26.08797679078439
31730_processed.fif,7,pre-stress,6,leave,1,1.8808491131219154e-13,0.6688287369949819,1.6724936675553246,-11.35393020963302,24.737293906043945
31730_processed.fif,8,pre-stress,6,early,2,2.2346239050335316e-13,0.7980503715579665,1.5207416586089826,-11.542607476747444,27.71282020939711
31730_processed.fif,8,pre-stress,6,mid,2,3.1477111233460943e-13,1.0503013889155461,1.4153960279590627,-11.609091044630652,18.2289467340312
31730_processed.fif,8,pre-stress,6,late,2,2.635442055356906e-13,1.1184787628910193,1.3572670268036355,-11.718689027651548,26.52865542915233
31730_processed.fif,8,pre-stress,6,leave,1,2.1064228516918667e-13,1.0801772038367652,1.0368471817263885,-12.306463320716157,23.502976315487704
31730_processed.fif,9,pre-stress,5,early,2,2.484755685620106e-13,1.2364900406061619,1.4758832585219808,-11.546078761584397,30.191521980180347
31730_processed.fif,9,pre-stress,5,mid,2,5.170111323938678e-13,1.0949629817272246,1.6102406256501065,-11.203249850636146,22.441152059606843
31730_processed.fif,9,pre-stress,5,late,1,2.7352832296245653e-13,1.211345856452919,1.6676573955004705,-11.231393445509141,23.3346592763964
31730_processed.fif,9,pre-stress,5,leave,1,2.7428963941072747e-13,0.98383845386563,1.2145988393029021,-11.975457039586878,18.394576426984223
31730_processed.fif,10,post-stress,9,early,3,6.688255440474714e-13,0.6897450628747208,1.5106929831373404,-11.368103015984962,26.123220813482785
31730_processed.fif,10,post-stress,9,mid,3,9.86158134145192e-14,0.5857243315143208,1.393302551969266,-12.039348184919527,25.684815917296124
31730_processed.fif,10,post-stress,9,late,3,1.0892244972892568e-13,0.8525971803095113,1.3965408923629072,-11.995192357184145,20.662257634127002
31730_processed.fif,10,post-stress,9,leave,1,1.2554061423607347e-13,0.6402229474598222,1.2353255094622593,-12.162293862605399,24.764762197785803
31730_processed.fif,11,post-stress,6,early,2,1.160612677194279e-13,0.6778149456963369,1.2373945678876237,-12.18765520854598,21.804453943018515
31730_processed.fif,11,post-stress,6,mid,2,1.248523392732889e-13,0.6388184552270246,1.5513176353561944,-11.722674262445025,23.301940564284994
31730_processed.fif,11,post-stress,6,late,2,1.4884679720884282e-13,0.5937288018510607,1.495715628802179,-11.81258616407441,20.1286561176159
31730_processed.fif,11,post-stress,6,leave,1,1.6065168876518922e-13,0.8212723981432681,1.1753728040604259,-12.094674511297388,14.63066539013631
31730_processed.fif,12,post-stress,6,early,2,1.3621364390178534e-13,1.2295974506211955,1.4107457506616101,-11.954082853096253,24.097720001330707
31730_processed.fif,12,post-stress,6,mid,2,1.2873423842368526e-13,1.0122732266156031,1.4770693736903715,-11.83188125980779,23.905509987997167
31730_processed.fif,12,post-stress,6,late,2,1.2850719162640757e-13,1.0170719341390253,1.3614888108091294,-11.960531059381225,20.446041195694825
31730_processed.fif,12,post-stress,6,leave,1,1.3248567857497146e-13,1.1316794781681168,1.31433740573438,-12.101077883975826,22.121585418630772
31730_processed.fif,13,post-stress,6,early,2,5.23344647486528e-13,0.9897936155663967,1.5659362369063836,-11.370126728442612,24.675267962115704
31730_processed.fif,13,post-stress,6,mid,2,2.564580905128603e-13,1.0272574315845748,1.28599720787049,-11.93780903668384,24.02242549442115
31730_processed.fif,13,post-stress,6,late,2,2.457224629291504e-13,1.064075929826366,1.1233888438687427,-12.091427350579576,18.90826909215931
31730_processed.fif,13,post-stress,6,leave,1,3.0686250973127024e-13,1.3739658763212184,0.8485660060923,-12.409142307644595,24.3702520724417
31730_processed.fif,14,post-stress,8,early,3,3.635515732899889e-13,1.1104827027238133,1.1032924817557757,-12.17258033031151,21.03907666676434
31730_processed.fif,14,post-stress,8,mid,3,4.186798707496536e-11,-0.2709285633419138,0.690505663228953,-11.713123093286882,20.243491046300303
31730_processed.fif,14,post-stress,8,late,2,5.217783362827223e-13,1.0057076910418203,1.3929729142590497,-11.702587993718428,28.91712080159744
31730_processed.fif,14,post-stress,8,leave,1,1.9870537245902172e-13,0.6801851723086365,1.0070655583739803,-12.231873586338155,18.043304248161753
31730_processed.fif,15,post-stress,5,early,2,3.964234452764225e-13,1.0725423886483778,1.052481943060091,-12.169585063747839,18.768941930721617
31730_processed.fif,15,post-stress,5,mid,2,2.8714802210437724e-13,1.1913393656233193,0.9735124713603645,-12.342317548675654,23.19081529331684
31730_processed.fif,15,post-stress,5,late,1,2.457361122359366e-13,0.7986431112430168,1.4119476185519106,-11.644391535898405,24.466005432701863
31730_processed.fif,15,post-stress,5,leave,1,3.5630736491559015e-13,1.1432242117064568,1.1809876958749335,-11.981831656402314,18.637010975893602
31730_processed.fif,16,post-stress,4,early,2,3.6213678869017605e-13,1.257118697043481,1.245610393192241,-11.831081267862285,17.986545509033796
31730_processed.fif,16,post-stress,4,mid,1,4.670488863152042e-13,1.299832786630624,1.1008566679961949,-11.940291814713305,17.510754686066292
31730_processed.fif,16,post-stress,4,late,1,3.9700709271893565e-13,1.2766328949281984,1.1367877308145875,-11.926862152888082,26.589869494045175
31730_processed.fif,16,post-stress,4,leave,1,2.730730644929723e-13,0.8299676276341152,0.9359409991281599,-12.3614957541803,20.687114466982056
31730_processed.fif,17,post-stress,5,early,2,4.333609309532515e-13,0.909747153671919,1.5930271890369694,-11.322431429506974,25.7419846114677
31730_processed.fif,17,post-stress,5,mid,2,3.886160582021827e-13,0.9303422264802634,0.8600397091375056,-12.344942486570602,20.192858551456908
31730_processed.fif,17,post-stress,5,late,1,5.199138001484311e-13,1.0218976010046745,1.8265186303682253,-10.960051484342506,29.87505583274379
31730_processed.fif,17,post-stress,5,leave,1,4.552498553557447e-13,1.139134787438966,1.313033597953386,-11.71505950077376,26.11592193890161
31730_processed.fif,18,post-stress,4,early,2,5.710359115664021e-13,1.2930332385285013,1.1930183093151776,-11.779700360306869,22.969054339595566
31730_processed.fif,18,post-stress,4,mid,1,4.5676820606511e-13,1.0554129321796317,1.4354607750654722,-11.409291782405301,25.0231034050032
31730_processed.fif,18,post-stress,4,late,1,5.879484997694526e-13,1.1536537762043544,1.2126988669923886,-11.767911144320252,25.355128591341842
31730_processed.fif,18,post-stress,4,leave,1,4.2733540161355896e-13,0.9811245568815714,0.7170842639137125,-12.552151376514553,26.74687667103953
31730_processed.fif,19,post-stress,6,early,2,5.247975636428651e-13,0.9496258548342009,1.48790086356163,-11.391176442006913,25.318979430656967
31730_processed.fif,19,post-stress,6,mid,2,5.403724004146441e-13,1.01106996146863,0.8633095088198162,-12.259400090097824,18.89025681331412
31730_processed.fif,19,post-stress,6,late,2,7.871116572217938e-13,1.2300008202104173,0.9227796575124765,-12.07547395216916,19.31577245530375
31730_processed.fif,19,post-stress,6,leave,1,6.572800075675204e-13,1.6293110716620234,1.2740383946594072,-11.556387115522922,28.75627464123083
31730_processed.fif,20,post-stress,6,early,2,6.992177641069508e-13,1.7464215086963613,1.6164715296161232,-11.165678727559893,20.442054879640807
31730_processed.fif,20,post-stress,6,mid,2,4.5277363494345885e-13,1.1016766753605367,1.1556549208140323,-11.890065740938777,21.849141955286818
31730_processed.fif,20,post-stress,6,late,2,6.292587866065704e-13,1.2442697062298524,0.9997322552508179,-12.070819378446238,23.54878540148995
31730_processed.fif,20,post-stress,6,leave,1,4.717464598819484e-13,0.7535935579960515,0.8899779183299857,-12.323952332428796,21.947034093693752
31730_processed.fif,21,post-stress,1,early,1,5.004251081963283e-13,0.794940206281634,1.1738340191499683,-11.769510342761137,23.239710164354463
31730_processed.fif,21,post-stress,1,mid,1,6.141316466521472e-13,0.9709026953478315,1.5678415112318653,-11.291671223006214,24.18860417645185
43000_processed.fif,1,pre-stress,7,early,3,7.900387620501715e-14,0.3406690511809967,1.6397571703858496,-11.644138569407907,26.895941233287612
43000_processed.fif,1,pre-stress,7,mid,2,9.438197534263819e-14,0.5380732934562147,1.6067607202671998,-11.650566182335307,25.627923884094905
43000_processed.fif,1,pre-stress,7,late,2,1.0398273505764406e-13,0.7545362831737901,2.1037720929505848,-10.914034927921554,32.0237404540409
43000_processed.fif,1,pre-stress,7,leave,1,1.4086928551821372e-13,0.5005569214384202,2.50321865369993,-10.15445639766481,32.09371323145038
43000_processed.fif,2,pre-stress,5,early,2,1.0680662948262531e-13,0.4069761998596313,2.110460168997913,-10.852458558966017,28.435316873654056
43000_processed.fif,2,pre-stress,5,mid,2,1.257188057835347e-13,0.4530237547931808,1.7807632204044368,-11.258350788360495,25.56039647818656
43000_processed.fif,2,pre-stress,5,late,1,1.0758630556728355e-13,0.5643223109579516,1.2816808647022775,-12.042706176010203,22.01641484476445
43000_processed.fif,2,pre-stress,5,leave,1,8.563048290991463e-14,0.4716898289892093,1.4563698423988483,-11.84163743865384,22.77606798967671
43000_processed.fif,3,pre-stress,7,early,3,1.1067210598042391e-13,0.8383787691545107,1.6037339850010663,-11.656270620402116,21.38113500791248
43000_processed.fif,3,pre-stress,7,mid,2,9.948466851301701e-14,0.7298688146280394,1.9031700534540643,-11.213015151557197,23.960588190422342
43000_processed.fif,3,pre-stress,7,late,2,1.0677468248043383e-13,0.6999056960738468,1.2052645570319682,-12.183669820509706,15.999434864795514
43000_processed.fif,3,pre-stress,7,leave,1,9.380649613741316e-14,0.5068335922826037,1.4826019378753874,-11.794586416993498,18.29541257368458
43000_processed.fif,4,pre-stress,7,early,3,1.147915232656611e-13,0.6138544342873438,1.6946101468685617,-11.46261343530994,20.690191473071852
43000_processed.fif,4,pre-stress,7,mid,2,1.0545500924111324e-13,0.6469650091902288,1.119952317985188,-12.28103466972411,19.62670278100361
43000_processed.fif,4,pre-stress,7,late,2,1.1773629773240011e-13,0.8121074124682064,2.2707204035451474,-10.653873826911767,25.93872897074145
43000_processed.fif,4,pre-stress,7,leave,1,1.0491907726977665e-13,1.0834643788081948,1.3170404122611354,-12.053959907560658,15.41297148992006
43000_processed.fif,5,pre-stress,6,early,2,1.176745133706432e-13,1.0016658981778797,1.422687705032827,-11.821759385496378,14.858448733829233
43000_processed.fif,5,pre-stress,6,mid,2,1.1281391391014646e-13,1.0769627850303376,1.8263993585668195,-11.303414996846389,29.06942831099716
43000_processed.fif,5,pre-stress,6,late,2,1.0535955416707801e-13,0.7048024030637308,2.49707164855484,-10.297804304829292,33.18131156530842
43000_processed.fif,5,pre-stress,6,leave,1,1.0437002952341638e-13,0.9397622329747115,1.9927352097641025,-11.049926614540226,27.558894144273555
43000_processed.fif,6,pre-stress,11,early,4,1.1604570356945745e-13,0.5969732708504152,2.172891511728898,-10.733893266303511,26.961751330332348
43000_processed.fif,6,pre-stress,11,mid,4,1.0296999563221938e-13,0.6648826133154202,2.116982544985633,-10.844752236276864,28.49289526313297
43000_processed.fif,6,pre-stress,11,late,3,1.2338988223918742e-13,0.6221916446222089,2.0526953383087836,-10.940308814943942,26.24348499483735
43000_processed.fif,6,pre-stress,11,leave,1,8.461247822894374e-14,1.19937898629275,1.4283760254534514,-11.986136135895745,17.987400721363773
43000_processed.fif,7,pre-stress,13,early,5,9.86984026780916e-14,0.8570647352247341,1.6213120818652218,-11.671700248953877,20.346489502397322
43000_processed.fif,7,pre-stress,13,mid,4,9.321199679373752e-14,0.8696991029780712,1.8739969151828397,-11.325247665214956,22.44842108414813
43000_processed.fif,7,pre-stress,13,late,4,1.4194753814475455e-13,0.9880472371509894,1.7874154203525263,-11.307479596279185,28.17535500520885
43000_processed.fif,7,pre-stress,13,leave,1,9.969444775666282e-14,0.9293245096350162,1.4146807697742965,-11.885618690062131,16.362760543846733
43000_processed.fif,8,post-stress,26,early,9,1.1278519656392185e-13,0.8071237041488987,1.9009935536300802,-11.13801775736683,27.393646044278185
43000_processed.fif,8,post-stress,26,mid,9,1.2020846308634758e-13,0.8438335254846395,1.9296978388028887,-11.050268096965167,24.835681610392438
43000_processed.fif,8,post-stress,26,late,8,7.1835863976836e-14,0.26053012659001196,2.0538947548857087,-11.213277972793744,22.3411742147262
43000_processed.fif,8,post-stress,26,leave,1,6.854904762292156e-14,-0.30699741223194366,1.818967961535664,-11.525549065653516,19.863602248174164
43000_processed.fif,9,post-stress,14,early,5,2.126943395497405e-12,0.04648656576294101,1.4563965392675748,-11.487004953782481,17.724278422871443
43000_processed.fif,9,post-stress,14,mid,5,7.615336408584012e-14,0.02020566047820225,2.14409251757829,-11.015437536720862,26.077075281420917
43000_processed.fif,9,post-stress,14,late,4,8.651651787719637e-14,-0.024777326046941717,1.904122014630277,-11.336767905135181,16.863365887913115
43000_processed.fif,9,post-stress,14,leave,1,8.211217477466678e-14,0.48553500767630453,1.5499135098257055,-11.859089060392526,15.181492407915778
43000_processed.fif,10,post-stress,12,early,4,7.754669643398559e-14,0.2851684409041395,1.8345005582347667,-11.479864895946292,18.671286027173068
43000_processed.fif,10,post-stress,12,mid,4,8.568860586027045e-14,0.02603579420270652,1.6357835001887553,-11.651752553671342,16.975374994337784
43000_processed.fif,10,post-stress,12,late,4,8.736452176111382e-14,0.2407158825054081,1.8642212068665405,-11.36207755380999,22.47880752619236
43000_processed.fif,10,post-stress,12,leave,1,8.627781437141782e-14,0.08253369021998935,2.252095119202296,-10.645851252390422,34.10752460738344
43000_processed.fif,11,post-stress,8,early,3,9.071393608782376e-14,0.31671717031526353,2.069451293695589,-10.98089266493605,26.015776234084296
43000_processed.fif,11,post-stress,8,mid,3,9.61876366531301e-14,0.29935341082980454,2.458141810067391,-10.505504803711945,27.493160830557745
43000_processed.fif,11,post-stress,8,late,2,7.884778541243029e-14,0.14044517300158432,1.492111299568419,-11.873220241133694,17.879078445862525
43000_processed.fif,11,post-stress,8,leave,1,6.42469053388973e-14,0.5657355842116623,1.7865040654554114,-11.543297069754873,15.99030608164214
43000_processed.fif,12,post-stress,9,early,3,1.1195078945926958e-13,0.40085134580726134,1.6869428685304186,-11.53449630431475,24.323214147229503
43000_processed.fif,12,post-stress,9,mid,3,8.797445202239285e-14,0.35314195698331,2.1817145842548142,-10.888493096344874,27.3834632426278
43000_processed.fif,12,post-stress,9,late,3,9.9256875067948e-14,-0.0030913607841232724,1.5627287285023999,-11.735179183500753,20.625189668636853
43000_processed.fif,12,post-stress,9,leave,1,9.66449187184208e-14,0.19216039381636563,2.675891055717729,-10.166613957007318,30.125990367490413
43000_processed.fif,13,post-stress,10,early,4,8.546113204394091e-14,0.11410837538390695,2.1044749754794525,-11.009064349088655,24.043085221483516
43000_processed.fif,13,post-stress,10,mid,3,8.730221416114049e-14,0.30927751883076365,1.7595352568375031,-11.502811098409753,21.811152992906845
43000_processed.fif,13,post-stress,10,late,3,9.103909039004755e-14,0.05691070597886494,2.0848239368791517,-11.01631899875953,23.00388468407263
43000_processed.fif,13,post-stress,10,leave,1,8.403884205736696e-14,0.08110682420553061,2.6887033537268916,-10.174524507707678,30.85740246749444
43000_processed.fif,14,post-stress,8,early,3,1.0557333963969177e-13,0.6469397029409159,2.6188846954536755,-10.264363752633797,28.4722368629092
43000_processed.fif,14,post-stress,8,mid,3,1.0622951190916421e-13,0.3431931281185143,2.341905131608741,-10.661876339133054,26.680633837846997
43000_processed.fif,14,post-stress,8,late,2,9.444357752955448e-14,0.15389760003202824,2.0485596107536415,-11.139945118002895,18.947752433140977
43000_processed.fif,14,post-stress,8,leave,1,8.482940983694021e-14,0.4569247895845976,1.20756300499408,-12.150353598309346,25.77095874211527
43000_processed.fif,15,post-stress,6,early,2,1.389475351473246e-13,0.20267572487531638,2.091220357022197,-10.749107949073686,23.472616089918947
43000_processed.fif,15,post-stress,6,mid,2,8.052992327432054e-14,0.45934822985152834,1.4479850209153686,-11.971362098510552,16.058974992883705
43000_processed.fif,15,post-stress,6,late,2,8.642354580940455e-14,0.3277286936070727,2.28953961240714,-10.827734004516365,24.29618786175878
43000_processed.fif,15,post-stress,6,leave,1,1.2822200463849773e-13,0.6066178823272388,1.6424102402176883,-11.630726140903246,19.36541709434753
47131_processed.fif,1,pre-stress,6,early,2,2.6391836090722593e-13,0.013432353080716553,1.1457093918737489,-11.961753056594173,28.31428100822523
47131_processed.fif,1,pre-stress,6,mid,2,2.962316082790954e-13,0.023570130852988314,1.2220122456807234,-11.81479790985849,26.88932706451152
47131_processed.fif,1,pre-stress,6,late,2,3.1417987669249495e-13,0.13978927520811624,1.3208842833402192,-11.589290917968784,26.094445110838354
47131_processed.fif,1,pre-stress,6,leave,1,2.596543812673836e-13,-0.06258832381996271,1.007376157272809,-12.140376423693906,28.14826189417102
47131_processed.fif,2,pre-stress,10,early,4,2.71051899298643e-13,-0.17086352835607777,1.4394972295597976,-11.473809139362999,26.785242531754722
47131_processed.fif,2,pre-stress,10,mid,3,3.1381877808873383e-13,-0.12553575896563274,1.367708473002245,-11.570194293679464,28.243027182359626
47131_processed.fif,2,pre-stress,10,late,3,2.8298687079938333e-13,-0.15702788215550592,1.4803123228495425,-11.409791164572665,34.54069066966153
47131_processed.fif,2,pre-stress,10,leave,1,3.390457314176787e-13,0.05064970473829433,1.1727315886065168,-11.783951894400374,27.470653907745685
47131_processed.fif,3,pre-stress,9,early,3,3.0083769695502674e-13,0.04991011870986858,1.2502817611494206,-11.738215860593172,28.832340587226074
47131_processed.fif,3,pre-stress,9,mid,3,2.7231766304799126e-13,0.3045503603597221,1.1490021061254934,-11.884642322601763,23.704199996103114
47131_processed.fif,3,pre-stress,9,late,3,2.7067801233469825e-13,0.3565961257395512,1.016805691073342,-12.150379032415408,22.95769396738336
47131_processed.fif,3,pre-stress,9,leave,1,3.081405168331933e-13,-0.03468793486152322,1.2816508093754189,-11.670378142019064,30.02892577277744
47131_processed.fif,4,pre-stress,6,early,2,2.5857853047184464e-13,0.21511682635993523,1.622076082711161,-11.239018202890277,34.52595046535953
47131_processed.fif,4,pre-stress,6,mid,2,2.7053956705947676e-13,0.32743726549323426,1.639254217579632,-11.28262327322485,29.620837557893203
47131_processed.fif,4,pre-stress,6,late,2,2.429003426656361e-13,0.30126454290266835,1.277873873137281,-11.75217276058795,26.962290454548082
47131_processed.fif,4,pre-stress,6,leave,1,2.2256201326709394e-13,0.423257571598846,1.2099988166810398,-11.84507414053598,26.61842553306762
47131_processed.fif,5,pre-stress,8,early,3,2.5011332978216774e-13,0.2700868550541742,1.5196186775665506,-11.3948080057822,29.511719945155267
47131_processed.fif,5,pre-stress,8,mid,3,2.3408381807063115e-13,0.3383226434321725,1.4616789578809204,-11.520430627385343,27.55961598818699
47131_processed.fif,5,pre-stress,8,late,2,2.30837889181929e-13,0.37971535812047463,1.4200442185299935,-11.540810944437268,25.7156721480627
47131_processed.fif,5,pre-stress,8,leave,1,3.114772645459224e-13,0.06269690231181357,0.922786902916822,-12.27849331367237,22.52355953728601
47131_processed.fif,6,pre-stress,8,early,3,2.166925321770636e-13,0.17133154606467946,1.4013152080303815,-11.628848836612635,31.910874222612435
47131_processed.fif,6,pre-stress,8,mid,3,2.139781162100506e-13,0.4439727689116708,1.2446356922456425,-11.871630687731603,25.02449671649389
47131_processed.fif,6,pre-stress,8,late,2,2.3014936083806603e-13,0.3414680434366506,1.3326939788584693,-11.693968069485722,29.520889206528345
47131_processed.fif,6,pre-stress,8,leave,1,2.4153442329457043e-13,0.3860011691313865,0.8829145585053894,-12.330697419503176,20.475611128190405
47131_processed.fif,7,pre-stress,9,early,3,2.1718765650204501e-13,0.660903335039792,1.769181832639821,-11.127689573313665,30.61769712098464
47131_processed.fif,7,pre-stress,9,mid,3,2.151533534850788e-13,0.37307178017325765,1.522530106212943,-11.486671221165471,28.625526794122138
47131_processed.fif,7,pre-stress,9,late,3,2.2675121745979364e-13,0.5051906434786027,1.7205660979452502,-11.139558377818426,25.950137956747408
47131_processed.fif,7,pre-stress,9,leave,1,2.1076215000548402e-13,0.45723960880383885,1.6693341775882715,-11.250395987737198,27.32855767488357
47131_processed.fif,8,pre-stress,13,early,5,1.9457738955810871e-13,0.41375874661841794,1.3148408176998818,-11.75644169655231,25.398684366703744
47131_processed.fif,8,pre-stress,13,mid,4,1.7777420224748333e-13,0.48679493060677714,1.4482727603194743,-11.587072531075101,24.80040747185801
47131_processed.fif,8,pre-stress,13,late,4,2.0198139245016858e-13,0.37972639952397547,1.683225879639943,-11.202689992348049,27.844131540251883
47131_processed.fif,8,pre-stress,13,leave,1,1.6696567469230115e-13,0.3879800295728266,1.0685203009121491,-12.139125207400845,29.341379563443272
47131_processed.fif,9,post-stress,6,early,2,1.718753281455739e-13,0.4892701874728722,1.4709563894915476,-11.57928096125005,26.54535897755045
47131_processed.fif,9,post-stress,6,mid,2,1.9651554088784917e-13,0.4700942245382702,1.7046441554504503,-11.172713071060246,24.187597920390026
47131_processed.fif,9,post-stress,6,late,2,1.5543491298884128e-13,0.4792658951376847,1.391282728210851,-11.702258854004207,21.18122602285424
47131_processed.fif,9,post-stress,6,leave,1,2.2047645765267247e-13,0.08781670700780353,0.9601888881094234,-12.268669674236909,27.292936893766477
47131_processed.fif,10,post-stress,8,early,3,2.0327991850714875e-13,0.1813211397100384,1.226744399205337,-11.890787733336694,26.8037110881876
47131_processed.fif,10,post-stress,8,mid,3,2.0777891657481845e-13,0.167601354205433,1.3847776479433085,-11.615867111176717,28.13927073580385
47131_processed.fif,10,post-stress,8,late,2,2.146722986249197e-13,0.1999007132318642,1.7163968546238149,-11.235757650956586,31.577885335371114
47131_processed.fif,10,post-stress,8,leave,1,2.218522941709017e-13,0.26156370891139247,1.0647702663989076,-12.140577005893162,26.349388023489535
47131_processed.fif,11,post-stress,7,early,3,2.415400767399001e-13,0.11854050352095769,1.5750032287845794,-11.363774050996641,32.79191870940144
47131_processed.fif,11,post-stress,7,mid,2,1.956156673769861e-13,0.4950391390535387,1.0504371561454353,-12.171703999286432,26.097293477750583
47131_processed.fif,11,post-stress,7,late,2,2.111773174279244e-13,0.23399888998648777,1.619857836642613,-11.32122587547336,26.044184938804257
47131_processed.fif,11,post-stress,7,leave,1,1.9473337543787177e-13,0.7283723686697101,1.3239057344591554,-11.788167770993377,23.170778215661667
47131_processed.fif,12,post-stress,7,early,3,1.961668711839264e-13,-0.0019080530225264643,1.4445749373204668,-11.610216866522954,25.28823871850186
47131_processed.fif,12,post-stress,7,mid,2,1.8581807049024165e-13,0.30190621585435373,1.6072130637406934,-11.391089973047546,22.93437020790853
47131_processed.fif,12,post-stress,7,late,2,1.8207941204942666e-13,0.10856871107179877,1.4775192547282736,-11.578307594724642,26.11466169296743
47131_processed.fif,12,post-stress,7,leave,1,1.9627514831163107e-13,0.21364379907584308,1.039545567735807,-12.187643045822469,20.946292268818976
47131_processed.fif,13,post-stress,7,early,3,1.846515833958048e-13,0.4130528156780014,1.3044025997998956,-11.830680570690491,26.467357371291893
47131_processed.fif,13,post-stress,7,mid,2,1.4848496400964458e-13,0.49882350070214976,1.5642880097960377,-11.483420342942036,27.286169375612204
47131_processed.fif,13,post-stress,7,late,2,1.9979418182683452e-13,0.5443222388835043,1.6176806747383483,-11.350195534764195,30.994575615280727
47131_processed.fif,13,post-stress,7,leave,1,1.6742065575780667e-13,0.6245496471684611,1.0692048857776895,-12.204250004548035,23.055936154518566
47131_processed.fif,14,post-stress,9,early,3,1.5322880105521108e-13,0.35050824930497154,1.2548827079278213,-11.907604655712595,25.625715685323257
47131_processed.fif,14,post-stress,9,mid,3,1.6057811456052703e-13,0.24942971899362712,1.1150648678036763,-12.107913411134561,24.675269854144204
47131_processed.fif,14,post-stress,9,late,3,1.5819698155713003e-13,0.08792644212303458,1.336153011740068,-11.82083187536768,28.734537562421078
47131_processed.fif,14,post-stress,9,leave,1,1.6559736082622448e-13,0.34504123438381384,1.1010328156187672,-12.174118986658524,25.54398688478269
47131_processed.fif,15,post-stress,11,early,4,1.4563452940352231e-13,0.5223206907987006,1.7286277223204947,-11.24891074082084,29.909672723931315
47131_processed.fif,15,post-stress,11,mid,4,1.3229458243524733e-13,0.49579574924423575,1.8039623450712372,-11.174335029459414,28.89895480685331
47131_processed.fif,15,post-stress,11,late,3,1.1892320551024226e-13,0.4494077687625169,1.8976989830829822,-11.030430203995698,28.263715885383345
47131_processed.fif,15,post-stress,11,leave,1,1.378398790592576e-13,0.5473153528415011,1.6859790069858953,-11.279135353202335,27.662890303609355
47131_processed.fif,16,post-stress,9,early,3,1.0021948873286424e-13,0.04357958235439933,1.6811020349027725,-11.399930554681234,33.050626406842646
47131_processed.fif,16,post-stress,9,mid,3,1.0370662067867801e-13,0.11708528377814768,1.415937635244137,-11.81920190459438,26.638248664620004
47131_processed.fif,16,post-stress,9,late,3,1.1255932428477077e-13,0.00681936199585446,1.6942299134340602,-11.328204068823366,21.10285157175006
47131_processed.fif,16,post-stress,9,leave,1,9.053903020639626e-14,0.4007237885090049,1.697295927618746,-11.482666458747103,23.990071393009412
47131_processed.fif,17,post-stress,12,early,4,1.0168449036801938e-13,0.3491020264155038,1.688108031030975,-11.39969326505067,24.164747126717035
47131_processed.fif,17,post-stress,12,mid,4,1.0775607983737107e-13,0.269880173636472,1.8150860727997185,-11.203006197559176,24.5336561656743
47131_processed.fif,17,post-stress,12,late,4,1.1500368968576307e-13,0.4324385023281776,1.9666343594526827,-10.935105535261332,27.29214475006678
47131_processed.fif,17,post-stress,12,leave,1,1.3108245818177484e-13,0.5341417957405774,1.3381401134057909,-11.82498276052434,23.3906852226564
47131_processed.fif,18,post-stress,2,early,1,9.788486590105477e-14,0.5085091419758534,1.620440708106017,-11.508207237630948,31.111241625022085
47131_processed.fif,18,post-stress,2,mid,1,9.812201164078149e-14,0.24879504290828436,1.6728921851762057,-11.432826512227694,24.61378708747446
47131_processed.fif,18,post-stress,2,late,1,1.1528487226865005e-13,0.24781431195570391,1.7652915407924281,-11.237679723413,30.43302043241173
47204_processed.fif,1,pre-stress,15,early,5,1.0318900144996453e-13,-1.0661752861473608,1.6647378552528416,-11.504399917329755,26.74073802522468
47204_processed.fif,1,pre-stress,15,mid,5,1.4462648015950158e-13,-1.717335579141502,1.5354009994006264,-11.646709302495202,23.29015564830413
47204_processed.fif,1,pre-stress,15,late,5,1.594141675862795e-13,-1.5418053513012147,1.5981944589006674,-11.490332205146098,25.690795729909468
47204_processed.fif,1,pre-stress,15,leave,1,1.2109640383847365e-13,-1.0957395881776293,1.4710903108867,-11.756385591874443,29.045810326826967
47204_processed.fif,2,pre-stress,14,early,5,1.5131682069546654e-13,-1.5557631125887859,1.5542272014016028,-11.58450204302793,23.50455978096658
47204_processed.fif,2,pre-stress,14,mid,5,1.6849585627951084e-13,-1.5802548000116616,1.3262518665608918,-11.897040439543545,23.27119174548142
47204_processed.fif,2,pre-stress,14,late,4,1.3686198337511938e-13,-1.3928827173931717,1.4241413310100366,-11.79141875843586,24.31425435101432
47204_processed.fif,2,pre-stress,14,leave,1,1.1903746436206912e-13,-1.0744995430025384,1.4823519998237402,-11.741019232474644,24.75495398501214
47204_processed.fif,3,pre-stress,12,early,4,9.522100215153721e-14,-0.8215887371048458,1.3341511520798284,-12.045051430455494,25.66288093551787
47204_processed.fif,3,pre-stress,12,mid,4,1.057641067904227e-13,-0.8292529936260191,1.4661543910540349,-11.831579335279752,26.462240507882118
47204_processed.fif,3,pre-stress,12,late,4,9.047097451010483e-14,-0.7729428369470019,1.5730841783519964,-11.705346385732284,26.673597164217828
47204_processed.fif,3,pre-stress,12,leave,1,9.516731466743955e-14,-0.8916299134212267,1.5203332886955847,-11.831347109080507,24.14932796521735
47204_processed.fif,4,pre-stress,17,early,6,8.979893706728113e-14,-0.7734220132889185,1.4628237723223503,-11.86271277113151,25.071185031164088
47204_processed.fif,4,pre-stress,17,mid,6,9.537168566886805e-14,-0.8267067500879074,1.659974155096996,-11.583886230281498,25.27145411853628
47204_processed.fif,4,pre-stress,17,late,5,1.340636683164492e-13,-0.8612271834231408,1.4317077458475382,-11.796997790394892,23.40491763692524
47204_processed.fif,4,pre-stress,17,leave,1,9.518917056504253e-14,-0.6518826492225962,1.3010878284722769,-12.013689664603886,20.039849391357482
47204_processed.fif,5,post-stress,24,early,8,1.660969623616765e-13,-1.0442556902700253,1.3870379663888772,-11.779564720471356,24.082539771027847
47204_processed.fif,5,post-stress,24,mid,8,7.738272341692116e-14,-0.3995154557468332,1.613993065560143,-11.729692050208548,27.934602879137437
47204_processed.fif,5,post-stress,24,late,8,7.248745002766188e-14,-0.489466080400383,1.5751512022550849,-11.791815295034278,24.1977374509191
47204_processed.fif,5,post-stress,24,leave,1,1.3094808347148072e-13,-1.5712973872676876,1.687465715148803,-11.554095964369269,30.599451409630387
47204_processed.fif,6,post-stress,17,early,6,1.0693893418334979e-13,-1.3134951509531323,1.5545309544925585,-11.758621593273618,26.777964102510456
47204_processed.fif,6,post-stress,17,mid,6,2.4611613513088597e-13,-1.926253820571058,1.539224029355255,-11.653327720331388,26.801004493652528
47204_processed.fif,6,post-stress,17,late,5,2.1106816220695234e-13,-2.1493028786252566,1.242591031605061,-12.023359280935324,23.11369182360398
47204_processed.fif,6,post-stress,17,leave,1,1.0631906725902443e-13,-1.4795058492250917,1.2003718197298288,-12.169888075691588,19.984542104388737
47204_processed.fif,7,post-stress,15,early,5,2.358994557707604e-13,-1.4038134061447871,1.7871956149588495,-11.316701299129303,27.898486479780992
47204_processed.fif,7,post-stress,15,mid,5,8.615548747437297e-14,-0.7491169073733971,1.619920962550807,-11.72126786494841,28.970526412992864
47204_processed.fif,7,post-stress,15,late,5,7.408315292285004e-14,-0.45298132302955524,1.8369675214500938,-11.41502424698468,26.896553440219737
47204_processed.fif,7,post-stress,15,leave,1,7.522159931908251e-14,-0.17078687530085546,1.5854188822652813,-11.752780384669123,26.974148733294317
47204_processed.fif,8,post-stress,15,early,5,9.082721280638995e-14,-0.4870580663900498,1.724555168845446,-11.51088174014685,22.05751333941631
47204_processed.fif,8,post-stress,15,mid,5,7.415280732398691e-14,-0.6538642386323715,1.721900608968845,-11.582403260109135,27.655352470790177
47204_processed.fif,8,post-stress,15,late,5,8.398675176098063e-14,-0.5925104456717947,1.5366767412638782,-11.783674482765424,26.238922182519236
47204_processed.fif,8,post-stress,15,leave,1,7.344159285113103e-14,-0.35608859219741973,1.6043004390021995,-11.710071806970406,29.396647436585287
47204_processed.fif,9,post-stress,12,early,5,8.84470555072526e-14,-0.4355302332345161,1.6776914244634458,-11.609286345055349,25.51971566457319
47204_processed.fif,9,post-stress,12,mid,4,7.972808702887533e-14,-0.5147488121618045,1.6284921942545083,-11.697095735175353,25.957052376556074
47204_processed.fif,9,post-stress,12,late,4,2.1827096112358218e-13,-1.1773489620598223,1.8469240844955257,-11.401526977292901,30.469246169220252
47324_processed.fif,1,pre-stress,5,early,2,9.704045678498549e-14,0.13268980354341764,1.8412172716612107,-11.252712061780503,30.325723025652543
47324_processed.fif,1,pre-stress,5,mid,2,8.020129217330057e-14,-0.15999974529666794,2.1253211924951865,-10.97657801311047,28.180410330788014
47324_processed.fif,1,pre-stress,5,late,1,7.052816279309458e-14,-0.09969267119534209,2.1215333859103165,-10.957496490608658,21.348767321062905
47324_processed.fif,1,pre-stress,5,leave,1,7.918413278411172e-14,-0.20603478670786401,1.614237864095361,-11.739416458174391,19.460297008420973
47324_processed.fif,2,pre-stress,4,early,2,6.618072049249889e-14,-0.3931867810394021,2.46973537745208,-10.521187329424281,29.417966098429254
47324_processed.fif,2,pre-stress,4,mid,1,7.497945004670671e-14,-0.49434287257760445,2.592718849922616,-10.280993953818134,27.00588556566519
47324_processed.fif,2,pre-stress,4,late,1,7.246050572802394e-14,-0.5754207551364665,2.666275556973238,-10.237261624536181,30.17345946472322
47324_processed.fif,2,pre-stress,4,leave,1,9.23919291738033e-14,-0.14512064989923346,2.0584410024209125,-10.942128031986886,29.39164022658147
47324_processed.fif,3,pre-stress,4,early,2,7.467093613519963e-14,-0.40705751970141435,2.4218899749035936,-10.601022847276537,24.05025830322741
47324_processed.fif,3,pre-stress,4,mid,1,8.279915530854347e-14,0.016262663517427,2.2709590164364797,-10.724610490961336,31.173200167123433
47324_processed.fif,3,pre-stress,4,late,1,7.132113622335869e-14,-0.0012253285248995383,2.4750899696415125,-10.491059504141276,33.74222242726908
47324_processed.fif,3,pre-stress,4,leave,1,8.692770687697188e-14,-0.4985149110018767,2.124528320257043,-10.977411981464348,29.51052509740603
47324_processed.fif,4,pre-stress,2,early,1,5.487999895271147e-14,-0.029249711438474435,2.277176880991465,-10.89754136317294,26.375877060379207
47324_processed.fif,4,pre-stress,2,mid,1,8.27583361580619e-14,-0.20530777394248645,1.7699272368749992,-11.468428833691474,22.634416243283173
47324_processed.fif,4,pre-stress,2,leave,1,9.608906170813443e-14,-0.2869076702852986,1.365613951546664,-12.048869833214164,22.871509393758622
47324_processed.fif,5,pre-stress,3,early,1,1.1778050577194953e-13,-0.274473990791968,2.0658920673200867,-11.006765107871182,26.368331527415844
47324_processed.fif,5,pre-stress,3,mid,1,8.167261416514802e-14,-0.04350591578621277,2.3115698267348206,-10.645224616469607,29.220109086511236
47324_processed.fif,5,pre-stress,3,late,1,9.341508430550778e-14,0.11809436264663731,2.4275815208459535,-10.427429810996726,
47324_processed.fif,5,pre-stress,3,leave,1,7.029630136208142e-14,-0.18623867338742173,2.0792327919521063,-11.121591374019271,34.38082313307072
47324_processed.fif,6,pre-stress,3,early,1,7.619307856922444e-14,0.0938602563701636,2.059372381997535,-11.063074222826451,18.75373186102239
47324_processed.fif,6,pre-stress,3,mid,1,6.030980926624654e-14,0.07752159376502377,2.297072506328361,-10.814671203199683,32.81392069137607
47324_processed.fif,6,pre-stress,3,late,1,7.89576816628429e-14,-0.0877977679505868,2.607602429919352,-10.305945763076709,24.47381110051643
47324_processed.fif,6,pre-stress,3,leave,1,7.450638826145e-14,0.2835874888612082,1.8485278183619673,-11.451517773673636,30.58090136906617
47324_processed.fif,7,pre-stress,2,early,1,6.12777886703858e-14,0.12263402214674812,2.2609262856939303,-10.886532195813984,32.008404466112395
47324_processed.fif,7,pre-stress,2,mid,1,5.49698910574651e-14,0.2826071091211091,2.45116875355516,-10.560059295693799,32.86221539902003
47324_processed.fif,7,pre-stress,2,leave,1,5.037647599099495e-14,0.6224360155174438,2.291359353117987,-10.854545903787159,34.9000094201329
47324_processed.fif,8,pre-stress,3,early,1,6.006044622667419e-14,0.5555882934304535,2.2878734926728326,-10.799383010772294,37.71616887564487
47324_processed.fif,8,pre-stress,3,mid,1,5.768946026374566e-14,0.5960557945802307,1.9464848865389945,-11.367615241940177,15.029675776721323
47324_processed.fif,8,pre-stress,3,late,1,7.33921677991976e-14,-0.03024672261403083,2.2728351211745665,-10.706633837816886,31.81658151120216
47324_processed.fif,8,pre-stress,3,leave,1,5.309217137035701e-14,0.7210371093598233,2.239450368628483,-10.96794425237598,28.980147904160948
47324_processed.fif,9,pre-stress,2,early,1,6.365855831126586e-14,0.557381671310246,2.490633090256852,-10.5157243771509,24.36105637468442
47324_processed.fif,9,pre-stress,2,mid,1,8.487592066967772e-14,0.21869881281771697,2.596306836604708,-10.243400913141631,26.460489584970734
47324_processed.fif,9,pre-stress,2,leave,1,8.968595360289771e-14,0.2338173455128576,2.09133592879462,-11.028363074961208,24.140473060189574
47324_processed.fif,10,pre-stress,2,early,1,5.860829998097619e-14,0.11820132071067846,2.277036468362764,-10.859367704545173,27.80798497349504
47324_processed.fif,10,pre-stress,2,mid,1,5.911172792424533e-14,0.07206266442596032,2.2574020446381127,-10.877220246775586,25.632164179821714
47324_processed.fif,10,pre-stress,2,leave,1,4.807869290556619e-14,0.6244560884940533,1.7874157934957964,-11.612693159009428,24.312209064361944
47324_processed.fif,11,pre-stress,3,early,1,5.2409532726779385e-14,0.4909990604794636,2.307417352932754,-10.82213110086425,20.4376249003964
47324_processed.fif,11,pre-stress,3,mid,1,6.031523273366734e-14,0.4000394970607921,2.444631348809024,-10.666845827802051,24.51193246394008
47324_processed.fif,11,pre-stress,3,late,1,6.257485090056144e-14,0.14910584680992045,1.875165614693083,-11.323048817714715,20.71718163541007
47324_processed.fif,11,pre-stress,3,leave,1,5.5358493340969895e-14,-0.13157863672338976,2.110015394826372,-11.042087697390734,26.759068824663505
47324_processed.fif,12,pre-stress,3,early,1,6.924827728146971e-14,-0.3506600778505806,1.9821256936477771,-11.173614806516476,21.725902651868
47324_processed.fif,12,pre-stress,3,mid,1,5.618963063438603e-14,-0.005301262643584437,1.8243882840333414,-11.47947796180612,21.30191518878747
47324_processed.fif,12,pre-stress,3,late,1,6.704688495814377e-14,-0.09417073264936704,2.227500083369623,-10.897805179920462,33.00795678130143
47324_processed.fif,12,pre-stress,3,leave,1,8.3282203509361e-13,0.2526242292048302,0.3570692272593295,-12.312262116664334,24.691506279499364
47324_processed.fif,13,pre-stress,2,early,1,5.817292272927939e-14,0.37155318342794175,2.508849240925982,-10.504640599106889,35.69975977109801
47324_processed.fif,13,pre-stress,2,mid,1,7.936624156346721e-14,0.14392386745255692,1.6382843059349521,-11.631718309728507,23.882653634053565
47324_processed.fif,13,pre-stress,2,leave,1,6.082151038087667e-14,-0.036624201247761334,1.8633279393204565,-11.344314289659357,33.69130698558897
47324_processed.fif,14,pre-stress,2,early,1,5.898329127490553e-14,0.18598500515537353,2.379772010805746,-10.686524645422617,24.940241783293878
47324_processed.fif,14,pre-stress,2,mid,1,5.698660159230329e-14,-0.10613484351456037,1.960971500654287,-11.311363422451892,30.624621415547153
47324_processed.fif,14,pre-stress,2,leave,1,6.099243010001512e-14,0.24726380691834393,1.4632115809840671,-12.028147139224025,25.789401879969443
47324_processed.fif,15,pre-stress,2,early,1,6.96362842464621e-14,-0.14655324580249385,2.155824651169648,-10.824105192375091,32.414051529089285
47324_processed.fif,15,pre-stress,2,mid,1,7.949952832897772e-14,0.6064028713161953,2.369419737034796,-10.587519435522546,32.583990108672886
47324_processed.fif,15,pre-stress,2,leave,1,5.547253037573384e-14,0.2752573734351529,2.1654166093095983,-10.939715891097588,35.3235628211439
47324_processed.fif,16,pre-stress,2,early,1,7.293042136723654e-14,0.23664629046771424,2.276997817370334,-10.727052232716455,33.4174046491622
47324_processed.fif,16,pre-stress,2,mid,1,8.60419538637643e-14,-0.09679267732822439,1.4413309679926904,-11.904806014982537,10.472846811976332
47324_processed.fif,16,pre-stress,2,leave,1,7.356760640975328e-14,0.2919514957282736,1.7643821813323293,-11.505349801486664,18.152731788144404
47324_processed.fif,17,pre-stress,2,early,1,5.4717553350967465e-14,0.4138411728439024,2.175028810060965,-10.924729087948398,29.530676637052053
47324_processed.fif,17,pre-stress,2,mid,1,4.567528945133374e-14,0.33639892985704734,2.0023605714872925,-11.29551784166482,16.604364106792985
47324_processed.fif,17,pre-stress,2,leave,1,7.159303199555457e-14,-0.12373592736643246,1.9001735878358805,-11.264674218217674,17.72530029423334
47324_processed.fif,18,pre-stress,1,early,1,7.326511586547943e-14,-0.010362700855502283,2.076345799438504,-11.006371157855154,30.880399177045696
47324_processed.fif,18,pre-stress,1,leave,1,6.4039296899698e-14,0.7616802665826619,1.7252446671946273,-11.51043592826292,27.935995862437757
47324_processed.fif,19,pre-stress,2,early,1,6.754061361588961e-14,0.18773874275069957,2.786468367480093,-10.004740543585362,34.69018689802932
47324_processed.fif,19,pre-stress,2,mid,1,5.834475397592919e-14,0.3860519464738381,2.534327454120481,-10.49080635092782,34.065934971109144
47324_processed.fif,19,pre-stress,2,leave,1,5.756397525099983e-14,0.2702854250039408,2.132958196141074,-11.051759012490363,35.38651120205528
47324_processed.fif,20,post-stress,3,early,1,9.568227976397217e-14,0.280605691053772,1.060544574645678,-12.314143425102067,22.929633397821195
47324_processed.fif,20,post-stress,3,mid,1,1.0269052636007943e-13,0.29335451594707607,1.2260496854464542,-12.041221512681462,30.192543685855274
47324_processed.fif,20,post-stress,3,late,1,9.604068328573228e-14,-0.13961329920044818,1.9158354867023977,-11.17154755419905,28.636321524800408
47324_processed.fif,20,post-stress,3,leave,1,1.4003198388788066e-13,-0.5336619912304315,1.7194530654117508,-11.284610807752559,32.36551969199494
47324_processed.fif,21,post-stress,2,early,1,9.42911684020735e-14,0.0013187224313497836,1.2569445525124545,-12.05154280402727,24.5758948749132
47324_processed.fif,21,post-stress,2,mid,1,6.794384587028455e-14,-0.13349617386915114,0.9505586050519933,-12.603987738704783,17.446743535502616
47324_processed.fif,21,post-stress,2,leave,1,9.019236818420916e-14,0.17445026916884387,1.1109414837163976,-12.330049921886243,26.784644372976604
47324_processed.fif,22,post-stress,2,early,1,9.024201417824223e-14,-0.04630481850923829,1.5876253160980571,-11.648400582812839,25.02885156901238
47324_processed.fif,22,post-stress,2,mid,1,9.736174761266154e-14,0.07190566994590597,1.2794060438848973,-11.997713002743792,26.14831183843069
47324_processed.fif,22,post-stress,2,leave,1,6.98128130792302e-13,-2.8465723570197383,1.8000795039686504,-11.126540258453925,25.478915912160854
47324_processed.fif,23,post-stress,2,early,1,9.63575644642274e-14,-0.2459530817571718,1.0338138810696493,-12.268570939627217,16.523625146061846
47324_processed.fif,23,post-stress,2,mid,1,8.985472404182205e-14,-0.21413366852310034,1.2030633326508149,-12.113396689520616,19.92429385451826
47324_processed.fif,23,post-stress,2,leave,1,8.419011369150911e-14,0.05129955037352829,1.275919984880511,-12.073095057132159,21.974954027910556
47324_processed.fif,24,post-stress,2,early,1,9.51279817681686e-14,0.04108218036047262,1.2285641018148805,-12.123327820546068,21.260565663976397
47324_processed.fif,24,post-stress,2,mid,1,8.153850862155669e-14,0.48801370369915276,1.3929949691284738,-11.965587552802623,25.066678178753122
47324_processed.fif,24,post-stress,2,leave,1,6.910564981573691e-14,0.23595873841964377,1.177822129087126,-12.263080701639641,22.488271032650996
47324_processed.fif,25,post-stress,2,early,1,6.411135828491352e-14,-0.10044541612334967,1.3403468315434734,-12.089401287766497,20.02500960666201
47324_processed.fif,25,post-stress,2,mid,1,9.342733297646822e-14,-0.014840702266866401,1.3203840659996553,-12.030282457982713,15.582120957057668
47324_processed.fif,25,post-stress,2,leave,1,6.302579948259341e-14,0.2214867056748382,1.4385667141825527,-12.03297912716061,17.091728352887763
47324_processed.fif,26,post-stress,3,early,1,3.857419750074659e-14,-0.07512208001748633,1.499298126158971,-12.066598976613427,19.74202246527743
47324_processed.fif,26,post-stress,3,mid,1,6.680208377768845e-14,0.30311851299135384,1.1834863095299248,-12.431937652746877,12.115930288098781
47324_processed.fif,26,post-stress,3,late,1,7.047925919304885e-14,0.2255815217534547,1.2610198851201277,-12.194422950240805,22.968328219426144
47324_processed.fif,26,post-stress,3,leave,1,9.222429407757722e-14,0.23260551779212335,1.3895755475170464,-11.974551396517914,23.85198464730126
47324_processed.fif,27,post-stress,2,early,1,8.43153458294974e-14,0.258164925541454,1.261882488880391,-12.149595291468403,21.20741033143672
47324_processed.fif,27,post-stress,2,mid,1,9.132277072385881e-14,-0.6166056235593018,1.3911474657539102,-11.907111895440872,25.046438868539564
47324_processed.fif,27,post-stress,2,leave,1,8.90623715287159e-14,0.11557107332105332,1.3656597114446978,-11.957955407370742,19.818960031076323
47324_processed.fif,28,post-stress,3,early,1,6.953681268894781e-14,0.009781418592659463,1.35898878025299,-12.091872634488409,17.345869872319298
47324_processed.fif,28,post-stress,3,mid,1,6.780897472973659e-14,0.5681132548622934,1.4127888852787147,-12.023904370831954,20.75417476951299
47324_processed.fif,28,post-stress,3,late,1,7.885538498338539e-14,0.5540509034471413,1.983190223676804,-11.140041308847524,19.710490547005325
47324_processed.fif,28,post-stress,3,leave,1,1.2760694447458366e-13,-0.6048178527423609,1.4083516646227523,-11.85075554769332,25.157690454544788
47324_processed.fif,29,post-stress,3,early,1,9.912634891449967e-14,-0.2976619103921898,1.8952908227440644,-11.160607393871414,23.65348501689495
47324_processed.fif,29,post-stress,3,mid,1,9.123434444511793e-14,-0.06887303332571904,1.4078088006434661,-11.931633366712932,21.848141567119075
47324_processed.fif,29,post-stress,3,late,1,1.2263763232995012e-13,-0.15597474945630907,1.6496554231351122,-11.482441118835135,25.765791663691676
47324_processed.fif,29,post-stress,3,leave,1,6.993642063485655e-14,0.45130459216298036,1.6432531457812236,-11.656492008299,21.098946669970477
47324_processed.fif,30,post-stress,2,early,1,8.070959513546694e-14,-0.11965428629865826,1.5433472044205054,-11.774024186952389,25.023453227287593
47324_processed.fif,30,post-stress,2,mid,1,1.0104093265792134e-13,0.24496279675084054,2.038896170636104,-11.045015406539607,22.345790429407693
47324_processed.fif,30,post-stress,2,leave,1,6.674328252711001e-14,-0.21978207226676716,1.3223395527153348,-12.031456420395838,20.525423850840586
47324_processed.fif,31,post-stress,2,early,1,1.0526975695979651e-13,0.2523777839390391,1.3955403348628064,-11.866843175770665,21.782848674335565
47324_processed.fif,31,post-stress,2,mid,1,1.0271744499158435e-13,-0.20279891929702742,1.6628539629927648,-11.478490599303642,16.390487049064856
47324_processed.fif,31,post-stress,2,leave,1,7.985974759063335e-14,-0.0787598695877989,2.0973043943181233,-10.99192110318473,33.92218421611648
47324_processed.fif,32,post-stress,2,early,1,9.4974553039819e-14,0.16206249496658387,2.0647788584853575,-10.90508343868961,24.408487445895727
47324_processed.fif,32,post-stress,2,mid,1,8.592270650944526e-14,-0.10831144324691522,1.4584734368068237,-11.798724849029714,25.53572338121407
47324_processed.fif,32,post-stress,2,leave,1,7.830735058362811e-14,-0.23810527319631802,1.3102903420042733,-12.05600273182427,26.993132021644772
47324_processed.fif,33,post-stress,1,early,1,7.794312320550944e-14,-0.2005598209260988,1.2208600189457612,-12.12791443119518,26.06902682940922
47324_processed.fif,33,post-stress,1,leave,1,6.599655650704009e-14,0.2416023528229161,1.3859658258511436,-12.048591803138457,27.67143995123222
47324_processed.fif,34,post-stress,2,early,1,8.369850887392211e-14,-0.06613067786916815,1.8362104030324908,-11.269556725858287,26.534993841289662
47324_processed.fif,34,post-stress,2,mid,1,9.043767803547542e-14,0.26385424577168237,2.562825584303125,-10.210545479210646,34.014653526028404
47324_processed.fif,34,post-stress,2,leave,1,6.623494454631938e-14,-0.4070111441980302,1.2297546906333796,-12.220106933634952,18.909247270281117
47324_processed.fif,35,post-stress,2,early,1,6.056609440293125e-14,-0.37929619813126436,1.638312250746913,-11.750924073520421,27.706466223504812
47324_processed.fif,35,post-stress,2,mid,1,8.594004344994922e-14,-0.30928918251083815,1.5749052437653808,-11.667928449368747,30.405205118843696
47324_processed.fif,35,post-stress,2,leave,1,6.544963887361474e-14,0.5068348955783932,1.2717780303579258,-12.139604885731083,19.706964412537527
47324_processed.fif,36,post-stress,1,early,1,6.509515547156501e-14,0.0013022946134029212,1.3839738011359035,-12.149844344271179,21.49483627903422
47324_processed.fif,36,post-stress,1,leave,1,8.423728580473202e-14,-0.4660302329275545,1.3289143249150113,-12.028266882411483,18.428778855966765
47324_processed.fif,37,post-stress,2,early,1,9.239194696596938e-14,-0.2219541954025992,2.022084298620167,-10.983353466159667,27.28660761824711
47324_processed.fif,37,post-stress,2,mid,1,9.599950584552885e-14,-0.05712188851847344,1.3366255066181356,-11.95119524793259,15.215989685148276
47324_processed.fif,37,post-stress,2,leave,1,6.320093674521559e-14,-0.13257782858592648,1.2289635837943282,-12.289939664062487,23.04396461623881
47324_processed.fif,38,post-stress,1,early,1,1.0845920069926479e-13,-0.2430632499467542,2.0320539400236073,-10.959223851592654,29.033780062862082
47324_processed.fif,38,post-stress,1,leave,1,6.731142245001637e-14,0.2548163677919675,1.2785231988242334,-12.214447377643033,24.547722177525113
47324_processed.fif,39,post-stress,2,early,1,7.744349346915764e-14,0.285603984280808,1.3454733432773087,-12.095641347960955,24.090047757359425
47324_processed.fif,39,post-stress,2,mid,1,8.241070581444756e-14,-0.17266182712313238,1.328441657237482,-12.019453516365065,15.287004170685494
47324_processed.fif,39,post-stress,2,leave,1,9.209537276526102e-14,0.22943560999426182,1.183116451142577,-12.23203270358382,24.03405715689118
47324_processed.fif,40,post-stress,1,early,1,7.501880076741283e-14,0.26285086630858956,0.997547564216977,-12.547533505798244,16.960657535592144
47324_processed.fif,40,post-stress,1,leave,1,1.087525651567068e-13,-0.09726280680623844,2.1343670075307735,-10.655488567753883,35.137822744420944
48238_processed.fif,1,pre-stress,5,early,2,4.887659703257728e-14,0.004537114622783278,1.7853311266244365,-11.678174945245459,27.642484737530804
48238_processed.fif,1,pre-stress,5,mid,2,5.150574114110524e-14,0.1641401228967112,1.6439146294109581,-11.81788452540533,24.537651876454305
48238_processed.fif,1,pre-stress,5,late,1,6.166220828671881e-14,0.3285369725580054,1.8276634573454011,-11.453292893856093,17.47561016335156
48238_processed.fif,1,pre-stress,5,leave,1,4.7622588671303974e-14,-0.22235914426743264,1.348229960450357,-12.292829652568665,20.63398679847501
48238_processed.fif,2,pre-stress,20,early,7,5.379491527669932e-14,-0.1963534573902384,1.8086894997792258,-11.605989905181335,21.277326017201283
48238_processed.fif,2,pre-stress,20,mid,7,5.79683809000468e-14,-0.0999318731324154,1.8493203865456889,-11.515194511078096,18.368275099440876
48238_processed.fif,2,pre-stress,20,late,6,5.826204635966041e-14,-0.30584680885098986,1.937489144777271,-11.351060086556947,19.952451613657686
48238_processed.fif,2,pre-stress,20,leave,1,4.463255645005322e-14,0.203680812556307,1.6622116380349767,-11.829172630648406,24.01184864994061
48238_processed.fif,3,pre-stress,15,early,5,5.09500050597634e-14,-0.1992938430897432,1.8536407254040106,-11.506338837493843,17.59879054152468
48238_processed.fif,3,pre-stress,15,mid,5,4.978965953136882e-14,-0.33139907044731914,1.7385098773860637,-11.70116835714141,17.16893427921533
48238_processed.fif,3,pre-stress,15,late,5,4.4023763123887054e-14,0.02886618166857815,1.8825456870594042,-11.542385443537743,21.65434285081608
48238_processed.fif,3,pre-stress,15,leave,1,5.1219794248358506e-14,-0.0646035753845986,2.0968010240497947,-11.185172005511312,18.132406352230692
48238_processed.fif,4,pre-stress,9,early,3,4.9504054923780126e-14,-0.20228446862673502,2.2447163433983865,-11.014750165608051,23.764978479019987
48238_processed.fif,4,pre-stress,9,mid,3,5.248490054864889e-14,-0.13289495812000376,1.7257448861716191,-11.7263431907029,15.325904391669901
48238_processed.fif,4,pre-stress,9,late,3,4.8847132512588696e-14,-0.47893222717650136,1.6542005846305132,-11.877617674702938,17.15512698757657
48238_processed.fif,4,pre-stress,9,leave,1,4.18396904442649e-14,-0.08175173871091346,1.5002159313438543,-12.082238374436187,12.451591162846114
48238_processed.fif,5,pre-stress,7,early,3,4.568580502338974e-14,0.024657578582212143,1.924617449572103,-11.478357161252204,22.614369707671624
48238_processed.fif,5,pre-stress,7,mid,2,4.868614194563673e-14,-0.3098575004320825,1.9687571227007674,-11.426323918507574,18.28837098303674
48238_processed.fif,5,pre-stress,7,late,2,4.628859641657316e-14,-0.16369287123333898,2.404447362211242,-10.82482232144866,21.00627320153368
48238_processed.fif,5,pre-stress,7,leave,1,4.55700739061357e-14,-0.4059992648488695,1.6707173020247175,-11.863440408508914,13.865653937175642
48238_processed.fif,6,pre-stress,6,early,2,4.467056926324301e-14,-0.19635254389074142,1.6797903341749298,-11.844524056125945,16.27386409582859
48238_processed.fif,6,pre-stress,6,mid,2,4.44892060509506e-14,-0.10198007104029294,2.2406198967291098,-11.037557373977963,22.69657667809184
48238_processed.fif,6,pre-stress,6,late,2,5.200489176039894e-14,-0.28611272231282747,1.58837794139497,-11.952455533424601,14.41654851283854
48238_processed.fif,6,pre-stress,6,leave,1,4.4667878502929344e-14,0.35847042053440603,2.1307135878281014,-11.185125913682631,21.476284262916455
48238_processed.fif,7,pre-stress,7,early,3,4.64124650690291e-14,-0.3322766382264734,1.8074739919120446,-11.674986662082452,15.65223266373439
48238_processed.fif,7,pre-stress,7,mid,2,5.267877544072916e-14,-0.29174245468820637,2.465175526514091,-10.703501019533233,23.545783654154075
48238_processed.fif,7,pre-stress,7,late,2,4.9439848539687454e-14,-0.16888455127277346,2.3607984097319257,-10.845941370003079,21.084791643980033
48238_processed.fif,7,pre-stress,7,leave,1,4.9854697573286485e-14,-0.10504471110333213,1.4440626720317973,-12.170592126801674,18.726874679131353
48238_processed.fif,8,pre-stress,1,early,1,4.027188566007036e-14,-0.2270592260431883,1.5794982915182463,-11.964456496703269,13.981177777852238
48238_processed.fif,8,pre-stress,1,leave,1,5.054193048217683e-14,-0.0494808602684671,1.326626926420463,-12.263851087130316,13.6516203814517
48238_processed.fif,9,post-stress,5,early,2,3.8654639438819235e-14,-0.2638973614252542,1.7568787154146528,-11.714965324635605,21.184203152055844
48238_processed.fif,9,post-stress,5,mid,2,4.26567566421567e-14,-0.10465618515638653,2.0707919895546847,-11.240888943369317,26.758440918667446
48238_processed.fif,9,post-stress,5,late,1,4.7394393051941674e-14,-0.23878500089760024,1.161426480218011,-12.49455732048095,11.480743123359602
48238_processed.fif,9,post-stress,5,leave,1,3.541629729933158e-14,-0.17090905513282095,1.5054514140328892,-12.100675598702999,16.95403374118531
48238_processed.fif,10,post-stress,10,early,4,3.913637062628059e-14,-0.31376348820326516,1.7869924796787404,-11.683868946833135,16.527774132191883
48238_processed.fif,10,post-stress,10,mid,3,4.1759730683739656e-14,-0.36474429529408187,1.7131523572997593,-11.754487623626746,15.697387484397247
48238_processed.fif,10,post-stress,10,late,3,3.545944820271026e-14,-0.10466136877712273,1.6097697675023694,-11.989525453854325,15.581314149872503
48238_processed.fif,10,post-stress,10,leave,1,3.156695771581492e-14,-0.23762685900959823,2.0592801038785375,-11.349249468339265,16.222860372164153
48238_processed.fif,11,post-stress,8,early,3,4.0157471756169535e-14,-0.18195307865137286,2.223991368986132,-11.117920453969449,15.969003821832679
48238_processed.fif,11,post-stress,8,mid,3,4.5015120035711375e-14,-0.3129527923606557,2.0997538464816397,-11.253931145164747,17.335099917875194
48238_processed.fif,11,post-stress,8,late,2,3.3832831440382504e-14,-0.08326024194025905,1.620804898871302,-12.021054310560405,11.361832452685196
48238_processed.fif,11,post-stress,8,leave,1,4.920712749502464e-14,-0.08752843840312607,1.7584603847655504,-11.771230969376141,13.837822274089161
48238_processed.fif,12,post-stress,15,early,5,3.810237993568113e-14,-0.02705448771571284,1.9156373947326215,-11.494862563644606,17.816367582433813
48238_processed.fif,12,post-stress,15,mid,5,3.7300945422019906e-14,-0.11544750893720135,1.4636196534532442,-12.16769473097704,16.363262358490143
48238_processed.fif,12,post-stress,15,late,5,3.639682585005551e-14,-0.2530176157298364,1.5962196752624305,-12.028895634910688,12.731984854205194
48238_processed.fif,12,post-stress,15,leave,1,2.7400161645979362e-14,0.10001008687548918,1.8545741207978232,-11.776731219400425,13.174993373152093
48238_processed.fif,13,post-stress,3,early,1,4.5706387936593836e-14,0.06982817105966532,2.4981416636116247,-10.64471049155515,22.317640995587375
48238_processed.fif,13,post-stress,3,mid,1,4.934520783414933e-14,-0.5742999278681893,2.343357585947405,-10.92716849395125,21.126655904968878
48238_processed.fif,13,post-stress,3,late,1,6.321429978058977e-14,0.09512624571882711,1.0961096754856297,-12.291474212578777,17.49761543058192
48238_processed.fif,13,post-stress,3,leave,1,3.3635355174076124e-14,-0.2669372935447818,1.595240685962343,-12.00410669215099,15.45258923847405
48238_processed.fif,14,post-stress,2,early,1,4.6827683608284865e-14,-0.033599025649103,1.5819416781941862,-11.899403086194644,14.57039921426836
48238_processed.fif,14,post-stress,2,mid,1,4.1743210232527805e-14,-0.03062530115708384,1.9827394809890568,-11.406067396362385,13.4323169211289
48238_processed.fif,14,post-stress,2,leave,1,4.140532195458269e-14,0.10559828527570758,1.7020979857833212,-11.80041549688085,21.00769439712488
48238_processed.fif,15,post-stress,6,early,2,4.3648354598006493e-14,-0.0458635839035928,1.5211075380478176,-12.079408380040466,14.67711886320471
48238_processed.fif,15,post-stress,6,mid,2,3.542836258572359e-14,-0.062476892680431106,1.568450416830364,-12.069561430552339,13.630486191718248
48238_processed.fif,15,post-stress,6,late,2,4.7897306175504476e-14,-0.15719655957336975,2.057481207802561,-11.295300002523001,15.06664724228738
48238_processed.fif,15,post-stress,6,leave,1,4.233625755970901e-14,-0.0709016854548743,1.430266241855227,-12.180536320091585,18.32882155602468
48238_processed.fif,16,post-stress,6,early,2,4.2654860909175644e-14,-0.1161815976562881,1.9772323681668926,-11.415764693989564,19.16820432986073
48238_processed.fif,16,post-stress,6,mid,2,4.332016526117722e-14,0.24744310837600203,1.4586648200912529,-12.128023811543954,12.204073904437319
48238_processed.fif,16,post-stress,6,late,2,4.2549827472492586e-14,-0.3231308081767654,1.3169794074600962,-12.286850660806287,12.027231822950665
48238_processed.fif,16,post-stress,6,leave,1,3.842567868051033e-14,0.13719840759289426,1.6171250361859963,-11.928036057201776,14.269667152338465
48238_processed.fif,17,post-stress,14,early,5,4.56679252579723e-14,-0.35086409938169255,1.9152030157525786,-11.514959518526704,13.246015823958341
48238_processed.fif,17,post-stress,14,mid,5,5.053291379815094e-14,-0.2706256654383729,1.976215167302043,-11.420093479872367,17.005029423500833
48238_processed.fif,17,post-stress,14,late,4,5.13165692866453e-14,-0.47148191851478494,2.085618145537023,-11.294673078834707,16.699945279679675
48238_processed.fif,17,post-stress,14,leave,1,3.342418738415219e-14,-0.36178615713868467,2.298487689176536,-11.081243667714812,19.106086698660558
48238_processed.fif,18,post-stress,5,early,2,3.268774158322092e-14,-0.3281768613257299,1.7909155518452584,-11.813636468370015,12.775746496932282
48238_processed.fif,18,post-stress,5,mid,2,3.082834973984849e-14,-0.24462223723145193,1.573668756791045,-12.168497268780872,12.264932420431013
48238_processed.fif,18,post-stress,5,late,2,3.658923334286575e-14,-0.34532897437092913,1.4102021832541407,-12.334232344675499,14.404787465697034
