subject_id,stress_condition,trial_number,environment,trial_number_in_env,trial_start_time,reaction_time,trial_time,reward,state
31730,1,1,2,1,0,1094,11233.9079547091,6.86279393096334,0
31730,1,2,2,2,11233.9079547091,1283,8109.97880229297,6.31553773813789,0
31730,1,3,2,3,19343.8867570021,1198,8566.97740307209,5.59262093606141,0
31730,1,4,2,4,27910.8641600742,1163,7928.06408770593,4.97489397457026,0
31730,1,5,2,5,35838.9282477801,1234,7323.58104547347,4.36230918087373,0
31730,1,6,2,6,43162.5092932536,1970,8251.99395118761,3.86913804927029,0
31730,1,7,2,7,51414.5032444412,1503,7714.74745655178,3.26116585809444,0
31730,1,8,2,8,59129.250700993,1267,7454.78994677251,2.83100900463327,0
31730,1,9,2,9,66584.0406477655,954,36554.1845124808,0,1
31730,1,10,2,10,103138.225160246,901,7573.51566678699,6.94842883678474,0
31730,1,11,2,11,110711.740827033,581,6779.06349277873,6.25972478496729,0
31730,1,12,2,12,117490.804319812,480,7833.98198471514,5.92491236068922,0
31730,1,13,2,13,125324.786304527,997,7625.3785445715,5.30946171987764,0
31730,1,14,2,14,132950.164849099,747,7423.75146460108,4.66543448879323,0
31730,1,15,2,15,140373.9163137,448,7136.86544157646,3.93326496653013,0
31730,1,16,2,16,147510.781755276,962,7534.195225895,3.85687738043403,0
31730,1,17,2,17,155044.976981171,828,7289.56358640242,3.70461608341602,0
31730,1,18,2,18,162334.540567574,756,7672.32004664585,3.43393171683638,0
31730,1,19,2,19,170006.860614219,1032,7389.50527888481,2.67186156250763,0
31730,1,20,2,20,177396.365893104,944,27202.7130377337,0,1
31730,1,21,2,21,204599.078930838,808,7303.53842884142,7.03591810261552,0
31730,1,22,2,22,211902.617359679,1265,7607.74684108401,6.77391146100551,0
31730,1,23,2,23,219510.364200763,639,7442.92025854337,5.9050076126129,0
31730,1,24,2,24,226953.284459307,704,6797.57928992878,5.27909818267428,0
31730,1,25,2,25,233750.863749236,522,6534.98372051035,4.69319486406135,0
31730,1,26,2,26,240285.847469746,781,6597.33484079517,4.07821771550765,0
31730,1,27,2,27,246883.182310541,823,6507.69177287293,3.77494021414243,0
31730,1,28,2,28,253390.874083414,580,6178.96971090339,3.68025931275757,0
31730,1,29,2,29,259569.843794317,688,6318.90775324064,3.53108473475389,0
31730,1,30,2,30,265888.751547558,587,6275.65274001972,2.52643848053202,0
31730,1,31,2,31,272164.404287578,516,25758.9359431076,0,1
31730,1,32,2,32,297923.340230685,446,6506.88352638826,7.22218042896753,0
31730,1,33,1,1,335632.033739352,685,9534.31610733422,6.78255635076367,0
31730,1,34,1,2,345166.349846686,718,7091.14776531165,6.55048230565179,0
31730,1,35,1,3,352257.497611998,582,6915.05708685331,5.97035183310488,0
31730,1,36,1,4,359172.554698851,861,6982.52591642633,5.36091887345901,0
31730,1,37,1,5,366155.080615277,698,6509.90240206552,5.43980304472114,0
31730,1,38,1,6,372664.983017343,779,6778.03284024779,4.67983867594006,0
31730,1,39,1,7,379443.015857591,647,11861.0199233153,0,1
31730,1,40,1,8,391304.035780906,563,6747.23493584135,6.58533211262358,0
31730,1,41,1,9,398051.270716747,448,6647.67010902136,5.92807003106702,0
31730,1,42,1,10,404698.940825769,573,6232.04061300389,5.28767176348223,0
31730,1,43,1,11,410930.981438773,532,6700.14410963812,4.86661400126666,0
31730,1,44,1,12,417631.125548411,497,11455.2632015566,0,1
31730,1,45,1,13,429086.388749967,682,6970.26909156376,7.05197442609656,0
31730,1,46,1,14,436056.657841531,1329,7413.95690774149,6.7264878049948,0
31730,1,47,1,15,443470.614749272,1016,7543.92736684717,6.18436716306722,0
31730,1,48,1,16,451014.54211612,618,6810.0348185944,5.67162745948751,0
31730,1,49,1,17,457824.576934714,685,6709.0446968996,4.78163348966671,0
31730,1,50,1,18,464533.621631614,681,10994.8720197389,0,1
31730,1,51,1,19,475528.493651353,731,6719.84422886092,7.23198057501721,0
31730,1,52,1,20,482248.337880214,528,7443.41247512237,7.14257142026864,0
31730,1,53,1,21,489691.750355336,786,6510.91843821085,6.53432407882392,0
31730,1,54,1,22,496202.668793547,506,6810.88296385499,5.93520463160548,0
31730,1,55,1,23,503013.551757402,523,6531.13289610698,5.33954523043604,0
31730,1,56,1,24,509544.684653509,489,6612.86178511003,4.62031631518041,0
31730,1,57,1,25,516157.546438619,473,10596.9062252353,0,1
31730,1,58,1,26,526754.452663854,672,6995.24256480427,6.93849480426534,0
31730,1,59,1,27,533749.695228658,596,6280.42795189691,6.48170064334206,0
31730,1,60,1,28,540030.123180555,631,6378.03813374916,6.24064343915866,0
31730,1,61,1,29,546408.161314304,413,6398.37110285775,5.76783489841267,0
31730,1,62,1,30,552806.532417162,1416,7134.80413651455,5.54640680671518,0
31730,1,63,1,31,559941.336553677,632,6428.77989544277,4.93132919760646,0
31730,1,64,1,32,566370.116449119,547,10407.9005896329,0,1
31730,1,65,1,33,576778.017038752,647,6369.47372329817,6.74920792424596,0
31730,1,66,1,34,583147.49076205,752,6505.49180969025,6.0346918554196,0
31730,1,67,1,35,589652.982571741,580,6271.28718190582,5.42087776015812,0
31730,1,68,1,36,595924.269753647,614,6361.0574518661,5.12490571605586,0
31730,1,69,1,37,602285.327205513,565,6709.45672088966,4.51543487622147,0
31730,1,70,1,38,608994.783926402,513,10337.4654243526,0,1
31730,1,71,1,39,619332.249350755,396,6137.69225481886,7.26697615248688,0
31730,1,72,1,40,625469.941605574,706,6445.36395979044,6.35645131465346,0
31730,1,73,1,41,631915.305565364,619,6379.66410761513,5.69061245733649,0
31730,2,1,2,1,0,640,10548.8890363704,6.74263238437793,0
31730,2,2,2,2,10548.8890363704,565,6709.2200934967,6.14472735055045,0
31730,2,3,2,3,17258.1091298671,630,6286.9918930428,5.59747409912068,0
31730,2,4,2,4,23545.1010229099,630,6228.35372911322,5.25923297911935,0
31730,2,5,2,5,29773.4547520231,649,6691.26761965526,4.83059342078534,0
31730,2,6,2,6,36464.7223716784,434,6434.80026514953,4.34605470769649,0
31730,2,7,2,7,42899.5226368279,579,28148.558548095,0,1
31730,2,8,2,8,71048.0811849229,497,6578.29917445088,6.93432820090399,0
31730,2,9,2,9,77626.3803593738,406,6214.30185438476,6.41313681005786,0
31730,2,10,2,10,83840.6822137586,564,6484.9498658059,5.98930093524598,0
31730,2,11,2,11,90325.6320795645,464,6523.91556312978,5.31272322566775,0
31730,2,12,2,12,96849.5476426942,436,6065.85944727885,4.57099824837887,0
31730,2,13,2,13,102915.407089973,606,6729.62495941101,3.83299564683217,0
31730,2,14,2,14,109645.032049384,446,25834.9841945546,0,1
31730,2,15,2,15,135480.016243939,514,6104.45815487401,7.14411208707396,0
31730,2,16,2,16,141584.474398813,565,6539.95013048188,6.12626780320633,0
31730,2,17,2,17,148124.424529295,417,6097.24437723527,5.35444022324242,0
31730,2,18,2,18,154221.66890653,598,6552.01338702679,5.25036228829093,0
31730,2,19,2,19,160773.682293557,573,6780.33511811192,4.35488769492091,0
31730,2,20,2,20,167554.017411669,499,6741.42196075991,4.06899141681302,0
31730,2,21,2,21,174295.439372429,464,26002.8185917236,0,1
31730,2,22,2,22,200298.257964152,513,6646.92822881805,7.17885185116612,0
31730,2,23,2,23,206945.18619297,433,6450.40898220212,6.34251017633757,0
31730,2,24,2,24,213395.595175172,440,6180.65178007784,5.97991447173837,0
31730,2,25,2,25,219576.24695525,498,6231.58276467619,5.30081077953098,0
31730,2,26,2,26,225807.829719926,546,6524.53024129683,5.06106704398336,0
31730,2,27,2,27,232332.359961223,634,6718.21469965836,4.29732890427283,0
31730,2,28,2,28,239050.574660881,705,25548.4932089112,0,1
31730,2,29,2,29,264599.067869793,462,6380.83697360341,7.20853596861421,0
31730,2,30,2,30,270979.904843396,435,6046.25058169226,6.81740950169694,0
31730,2,31,2,31,277026.155425088,789,6396.32559929119,6.12030145511995,0
31730,2,32,2,32,283422.481024379,767,6397.32030342025,6.15239074250035,0
31730,2,33,2,33,289819.8013278,465,6129.72277066729,5.40793249720399,0
31730,2,34,2,34,295949.524098467,447,6046.61954660696,5.05850215282415,0
31730,2,35,1,1,333148.914871816,780,8011.480576406,4.00187582872735,0
31730,2,36,1,2,341160.395448222,555,6682.08813599998,3.64855813385473,0
31730,2,37,1,3,347842.483584222,506,11430.7444163442,0,1
31730,2,38,1,4,359273.228000566,554,6246.07708127407,7.21016192426791,0
31730,2,39,1,5,365519.30508184,512,6798.06242064841,6.9299708479962,0
31730,2,40,1,6,372317.367502488,498,6580.67137393117,6.2442259701929,0
31730,2,41,1,7,378898.038876419,715,6425.18979571108,6.08243263426496,0
31730,2,42,1,8,385323.22867213,672,6402.48462712043,5.28305982903875,0
31730,2,43,1,9,391725.713299251,429,10736.3161025914,0,1
31730,2,44,1,10,402462.029401842,497,6184.21817756648,6.90803529201606,0
31730,2,45,1,11,408646.247579409,590,6297.17398157477,5.98824150652453,0
31730,2,46,1,12,414943.421560984,480,6215.08442343841,5.41405623762713,0
31730,2,47,1,13,421158.505984422,638,6347.38520806242,5.02671936667503,0
31730,2,48,1,14,427505.891192484,465,10738.7839011208,0,1
31730,2,49,1,15,438244.675093605,464,6134.5363011696,6.98981998174397,0
31730,2,50,1,16,444379.211394775,731,6824.89256958436,6.27758765961698,0
31730,2,51,1,17,451204.103964359,606,6318.57750198833,5.47304888560661,0
31730,2,52,1,18,457522.681466347,779,7013.74809098162,4.35101094416226,0
31730,2,53,1,19,464536.429557329,522,6275.11785940442,3.97478761863925,0
31730,2,54,1,20,470811.547416733,770,11078.7732193093,0,1
31730,2,55,1,21,481890.320636043,632,6396.55551104806,7.22337435201897,0
31730,2,56,1,22,488286.876147091,556,6282.79106551781,6.5121059098653,0
31730,2,57,1,23,494569.667212609,581,6310.3014688277,5.80530051356836,0
31730,2,58,1,24,500879.968681436,506,6197.13985034468,5.41000881309427,0
31730,2,59,1,25,507077.108531781,572,10410.1708694688,0,1
31730,2,60,1,26,517487.27940125,564,6252.08085941267,7.32750369625704,0
31730,2,61,1,27,523739.360260663,552,6848.65209294733,6.62862287543647,0
31730,2,62,1,28,530588.01235361,496,6797.1684510503,6.15985798473391,0
31730,2,63,1,29,537385.18080466,1105,7177.47251922451,5.83976528051959,0
31730,2,64,1,30,544562.653323885,530,6693.46007712733,5.50773448364687,0
31730,2,65,1,31,551256.113401012,682,6949.81326583005,4.57217419615823,0
31730,2,66,1,32,558205.926666842,640,10548.4473845754,0,1
31730,2,67,1,33,568754.374051417,1064,6841.45253665338,7.31623490320431,0
31730,2,68,1,34,575595.826588071,569,6910.74209352338,6.9188779165041,0
31730,2,69,1,35,582506.568681594,506,6228.61208356149,6.45131028309202,0
31730,2,70,1,36,588735.180765156,632,6421.28761644755,5.76904625818043,0
31730,2,71,1,37,595156.468381603,545,6325.56018276035,5.27192165983175,0
31730,2,72,1,38,601482.028564364,648,6349.37185105809,4.77394231814451,0
31730,2,73,1,39,607831.400415422,645,10438.7470836373,0,1
31730,2,74,1,40,618270.147499059,639,6351.85229078168,6.66429096832572,0
31730,2,75,1,41,624621.999789841,529,6245.30122785468,6.56049468086238,0
31730,2,76,1,42,630867.301017695,532,6193.09111221263,5.9843315346171,0
43000,1,1,1,1,0,1,8752.27542431134,7.15102494163776,0
43000,1,2,1,2,8752.27542431134,604,6325.72778024456,6.6385740341243,0
43000,1,3,1,3,15078.0032045559,515,6927.68930661185,6.35780583607349,0
43000,1,4,1,4,22005.6925111678,549,6692.76241251862,5.67319039477601,0
43000,1,5,1,5,28698.4549236864,843,7116.82526163429,5.06179279282236,0
43000,1,6,1,6,35815.2801853207,763,6979.94821829536,4.6929328937213,0
43000,1,7,1,7,42795.228403616,714,6996.20288568045,4.25421006541047,0
43000,1,8,1,8,49791.4312892965,1,15946.9126916532,0,1
43000,1,9,1,9,65738.3439809496,473,7325.46349919176,6.69202864901345,0
43000,1,10,1,10,73063.8074801414,570,6929.53255831964,6.11414974769094,0
43000,1,11,1,11,79993.340038461,845,7119.39103956865,5.78080525032134,0
43000,1,12,1,12,87112.7310780297,678,6925.01884335758,5.04843669372262,0
43000,1,13,1,13,94037.7499213873,554,6735.72013229062,4.40369312645069,0
43000,1,14,1,14,100773.470053678,671,10938.5208793883,0,1
43000,1,15,1,15,111711.990933066,600,6711.78630289376,7.09112856588989,0
43000,1,16,1,16,118423.77723596,687,6988.17332412626,6.19471345916482,0
43000,1,17,1,17,125411.950560086,745,6807.54255754534,6.23042684761325,0
43000,1,18,1,18,132219.493117632,630,6710.44712087716,5.87616943501962,0
43000,1,19,1,19,138929.940238509,1114,6964.54683502702,5.38257409196345,0
43000,1,20,1,20,145894.487073536,612,6795.88614345601,5.31161687113449,0
43000,1,21,1,21,152690.373216992,2246,8013.28594972895,4.2985565910362,0
43000,1,22,1,22,160703.659166721,735,10562.1712288398,0,1
43000,1,23,1,23,171265.83039556,488,6118.1454817816,7.21268357272744,0
43000,1,24,1,24,177383.975877342,690,6772.65903872802,6.67204726065202,0
43000,1,25,1,25,184156.63491607,447,6582.79581701162,6.14265575476229,0
43000,1,26,1,26,190739.430733082,572,6285.48911351681,5.48103111033615,0
43000,1,27,1,27,197024.919846598,545,6141.58985792819,4.91398475128682,0
43000,1,28,1,28,203166.509704527,480,6065.02538520246,4.55100581848273,0
43000,1,29,1,29,209231.535089729,512,6110.15739931646,4.12409680680537,0
43000,1,30,1,30,215341.692489046,513,10793.9220098317,0,1
43000,1,31,1,31,226135.614498877,480,6147.0481110028,6.76369296961296,0
43000,1,32,1,32,232282.66260988,511,6119.15085589135,6.45437598697382,0
43000,1,33,1,33,238401.813465771,504,6525.82290562207,6.1281332169396,0
43000,1,34,1,34,244927.636371394,481,6416.79847799393,5.6281501344052,0
43000,1,35,1,35,251344.434849387,972,6775.12052638154,5.12785527476724,0
43000,1,36,1,36,258119.555375769,896,6521.25625544158,4.43331844595813,0
43000,1,37,1,37,264640.811631211,621,10378.5298704746,0,1
43000,1,38,1,38,275019.341501685,539,6212.39821821643,7.01267659321092,0
43000,1,39,1,39,281231.739719902,596,6197.10586569627,6.5322759750906,0
43000,1,40,1,40,287428.845585598,563,6807.85029288189,6.0065497623962,0
43000,1,41,1,41,294236.69587848,496,6188.01167419076,5.58896168284887,0
43000,1,42,1,42,300424.707552671,637,6306.01573203091,5.00046817802118,0
43000,1,43,2,1,337915.367251904,581,7954.43541824364,4.71549370075782,0
43000,1,44,2,2,345869.802670147,538,6811.63081556576,3.84227381667895,0
43000,1,45,2,3,352681.433485713,632,6342.13848801213,2.61306754412599,0
43000,1,46,2,4,359023.571973725,581,6267.7092007731,2.37220946480948,0
43000,1,47,2,5,365291.281174498,2262,7979.15498009784,1.77135042998456,0
43000,1,48,2,6,373270.436154596,598,6360.45091325103,1.09911569884303,0
43000,1,49,2,7,379630.887067847,681,25585.2968085594,0,1
43000,1,50,2,8,405216.183876407,548,6330.32524346252,6.93157359172333,0
43000,1,51,2,9,411546.509119869,861,7134.91765018192,6.53959942700287,0
43000,1,52,2,10,418681.426770051,593,6574.08481328096,5.98782197471492,0
43000,1,53,2,11,425255.511583332,583,6746.28742401418,5.14962959721125,0
43000,1,54,2,12,432001.799007346,613,6702.14142710192,4.33809785173643,0
43000,1,55,2,13,438703.940434448,702,6925.53634437284,4.1816958731303,0
43000,1,56,2,14,445629.476778821,664,6545.9501397647,3.97661928790256,0
43000,1,57,2,15,452175.426918586,670,6427.3685349903,3.26319996531168,0
43000,1,58,2,16,458602.795453576,566,6881.07431630598,2.88888933572748,0
43000,1,59,2,17,465483.869769882,630,6964.03288936231,2.83225309122791,0
43000,1,60,2,18,472447.902659244,823,6563.32355743623,1.96248503718784,0
43000,1,61,2,19,479011.22621668,526,6596.66207894782,1.6421127032208,0
43000,1,62,2,20,485607.888295628,597,6718.96495056478,0.908407874099061,0
43000,1,63,2,21,492326.853246193,445,25332.5086237002,0,1
43000,1,64,2,22,517659.361869893,547,6282.25650984666,7.28584817649145,0
43000,1,65,2,23,523941.61837974,645,6678.71008724044,7.09029030187009,0
43000,1,66,2,24,530620.32846698,532,6660.30482784996,6.74176599055393,0
43000,1,67,2,25,537280.63329483,663,6631.25998460932,6.36598318402611,0
43000,1,68,2,26,543911.89327944,549,6731.24987161229,5.77147970950422,0
43000,1,69,2,27,550643.143151052,531,6678.25895276747,5.16798175526403,0
43000,1,70,2,28,557321.402103819,597,6638.31103470176,4.63607679518089,0
43000,1,71,2,29,563959.713138521,564,7240.57674105524,4.01369046348416,0
43000,1,72,2,30,571200.289879576,704,6912.04931982188,3.60396633461217,0
43000,1,73,2,31,578112.339199398,567,6711.66542097728,3.13198685761979,0
43000,1,74,2,32,584824.004620375,2143,8864.18008087238,2.74035942966721,0
43000,1,75,2,33,593688.184701248,630,6763.29148027406,2.83990489970666,0
43000,1,76,2,34,600451.476181522,526,6810.59502345754,2.80454613071378,0
43000,1,77,2,35,607262.071204979,514,6447.6221815946,2.72527314662812,0
43000,1,78,2,36,613709.693386574,479,6856.41045494261,1.9818149065386,0
43000,1,79,2,37,620566.103841517,668,6354.38904067164,1.77601725629875,0
43000,1,80,2,38,626920.492882188,756,7313.98090223735,1.45758083141091,0
43000,1,81,2,39,634234.473784426,603,6296.02203685232,1.08745216447268,0
43000,2,1,2,1,0,2,8319.78283919216,6.97911180609079,0
43000,2,2,2,2,8319.78283919216,598,6761.20330442154,6.42781126766085,0
43000,2,3,2,3,15080.9861436137,546,6380.53350799328,5.86872970784773,0
43000,2,4,2,4,21461.519651607,614,6337.66783229521,5.67908229524934,0
43000,2,5,2,5,27799.1874839022,445,6104.25946789838,5.43808831200691,0
43000,2,6,2,6,33903.4469518006,580,6179.51162125564,4.56978290845586,0
43000,2,7,2,7,40082.9585730562,590,6200.32582811973,3.80751152195136,0
43000,2,8,2,8,46283.2844011759,781,6350.54728695196,3.49739713933442,0
43000,2,9,2,9,52633.8316881279,1063,25866.4614307677,0,1
43000,2,10,2,10,78500.2931188956,463,6061.70982335425,6.9070375535194,0
43000,2,11,2,11,84562.0029422498,461,6130.81161540913,6.2528100907344,0
43000,2,12,2,12,90692.8145576589,523,6228.88635361688,5.63962934658734,0
43000,2,13,2,13,96921.7009112758,1500,7229.45639481122,5.00600225829484,0
43000,2,14,2,14,104151.157306087,504,6253.06589723642,4.05504679317223,0
43000,2,15,2,15,110404.223203323,1076,6710.3455958686,3.57504009929993,0
43000,2,16,2,16,117114.568799192,612,6245.52815916605,2.98183826715409,0
43000,2,17,2,17,123360.096958358,455,6051.15122248753,2.5914694623999,0
43000,2,18,2,18,129411.248180846,530,6176.2888935591,2.43095209467851,0
43000,2,19,2,19,135587.537074405,449,6113.99599272499,2.32785552537361,0
43000,2,20,2,20,141701.53306713,512,6079.18081564459,1.928541570407,0
43000,2,21,2,21,147780.713882774,499,6114.01574467207,1.8018523365771,0
43000,2,22,2,22,153894.729627446,463,6078.77234537774,1.69754787927555,0
43000,2,23,2,23,159973.501972824,457,6598.74867464442,0.713216471151962,0
43000,2,24,2,24,166572.250647469,179,25821.5778961489,0,1
43000,2,25,2,25,192393.828543617,454,6566.68810411339,7.22401381579421,0
43000,2,26,2,26,198960.516647731,547,6208.11244072454,6.58558953711004,0
43000,2,27,2,27,205168.629088455,756,6396.63055484017,5.88048046811821,0
43000,2,28,2,28,211565.259643296,513,6164.98998971292,5.52190252553463,0
43000,2,29,2,29,217730.249633008,432,6061.31083402215,4.5193513159547,0
43000,2,30,2,30,223791.560467031,564,6231.46516783617,3.642590140076,0
43000,2,31,2,31,230023.025634867,582,6435.82829395338,3.2254628982231,0
43000,2,32,2,32,236458.85392882,453,6375.37666963224,3.1029893984416,0
43000,2,33,2,33,242834.230598452,466,6312.6259186629,2.60005481748757,0
43000,2,34,2,34,249146.856517115,483,6496.67061178887,2.23760918881298,0
43000,2,35,2,35,255643.527128904,676,6595.87753160714,1.7163316828403,0
43000,2,36,2,36,262239.404660511,587,6269.92971467099,1.13357840146884,0
43000,2,37,2,37,268509.334375182,771,25649.1576189583,0,1
43000,2,38,2,38,294158.491994141,638,6384.29506880813,6.54754265507877,0
43000,2,39,2,39,300542.787062949,582,6180.43127191457,5.95766455609629,0
43000,2,40,1,1,337853.879440435,527,7666.15061412769,5.1511478645206,0
43000,2,41,1,2,345520.030054563,998,6710.22668914701,4.60344606059384,0
43000,2,42,1,3,352230.25674371,556,6262.0791057584,4.35350230621243,0
43000,2,43,1,4,358492.335849468,523,6162.39063346846,3.79835293069179,0
43000,2,44,1,5,364654.726482936,656,6305.71036692802,3.25391703344694,0
43000,2,45,1,6,370960.436849864,457,6137.54070876306,2.35442855026805,0
43000,2,46,1,7,377097.977558627,582,10920.1089043358,0,1
43000,2,47,1,8,388018.086462963,630,6472.35833508469,7.05666209321818,0
43000,2,48,1,9,394490.444798048,496,6183.4055201161,6.8714624317398,0
43000,2,49,1,10,400673.850318164,597,6332.04405790323,6.36094007318186,0
43000,2,50,1,11,407005.894376067,481,6291.51464251342,6.05701702691153,0
43000,2,51,1,12,413297.409018581,484,6332.95185739419,5.24896382499912,0
43000,2,52,1,13,419630.360875975,465,6201.76535002835,4.29442132436191,0
43000,2,53,1,14,425832.126226003,621,6577.95698499971,3.75197364432749,0
43000,2,54,1,15,432410.083211003,749,6443.77845267946,3.11145159188945,0
43000,2,55,1,16,438853.861663682,581,6294.75712215755,2.46022278262262,0
43000,2,56,1,17,445148.61878584,480,10313.5613708796,0,1
43000,2,57,1,18,455462.18015672,581,6279.39761301695,7.2074482599049,0
43000,2,58,1,19,461741.577769737,495,6161.53063368984,6.82538245002085,0
43000,2,59,1,20,467903.108403426,481,6198.14837346668,6.1626369846052,0
43000,2,60,1,21,474101.256776893,428,6461.69820920931,5.60841684299999,0
43000,2,61,1,22,480562.954986102,565,6254.33871271025,4.99371575878123,0
43000,2,62,1,23,486817.293698813,567,6646.53179510421,4.17820757673468,0
43000,2,63,1,24,493463.825493917,667,6381.51438968861,3.61165022982361,0
43000,2,64,1,25,499845.339883605,496,6362.94439905899,2.93033699917286,0
43000,2,65,1,26,506208.284282664,494,6726.09421836794,1.79274144165719,0
43000,2,66,1,27,512934.378501032,562,6610.85424801195,1.11382119818681,0
43000,2,67,1,28,519545.232749044,528,10483.8255255204,0,1
43000,2,68,1,29,530029.058274565,420,6613.98967210157,7.04595860467395,0
43000,2,69,1,30,536643.047946666,427,6140.16060703306,6.44826123970439,0
43000,2,70,1,31,542783.208553699,462,6668.16649785324,6.32199893119338,0
43000,2,71,1,32,549451.375051553,832,6828.66845013585,5.85834827471466,0
43000,2,72,1,33,556280.043501688,547,6626.60524074454,5.73415227800443,0
43000,2,73,1,34,562906.648742433,448,6213.45376227191,5.4371868013492,0
43000,2,74,1,35,569120.102504705,513,6214.37894347624,4.96088234918751,0
43000,2,75,1,36,575334.481448181,454,6164.63168939168,4.16649091978014,0
43000,2,76,1,37,581499.113137573,384,10527.1905304425,0,1
43000,2,77,1,38,592026.303668015,505,6194.48241207644,6.71334083381516,0
43000,2,78,1,39,598220.786080092,481,6147.42379303754,6.60904941561269,0
43000,2,79,1,40,604368.209873129,946,7180.43403718725,5.70804131190249,0
43000,2,80,1,41,611548.643910317,548,6212.69686765713,4.78586289934671,0
43000,2,81,1,42,617761.340777974,504,6197.72410164203,4.19631827135385,0
43000,2,82,1,43,623959.064879616,606,6335.39240798377,3.93268511330458,0
43000,2,83,1,44,630294.457287599,416,10177.0927978078,0,1
47131,1,1,1,1,0,883,9089.61897064364,7.12190256443816,0
47131,1,2,1,2,9089.61897064364,686,6811.52489960186,6.20365270762285,0
47131,1,3,1,3,15901.1438702455,1997,7579.40211882124,5.42118679237675,0
47131,1,4,1,4,23480.5459890667,996,6583.6732630014,4.86628062845985,0
47131,1,5,1,5,30064.2192520681,544,6091.46142499412,4.25185493475696,0
47131,1,6,1,6,36155.6806770623,756,6314.2226098862,3.50091221207823,0
47131,1,7,1,7,42469.9032869485,1,9697.76242925946,0,1
47131,1,8,1,8,52167.6657162079,462,6794.89066550377,7.32600851852679,0
47131,1,9,1,9,58962.5563817117,680,6269.98158335664,7.00605169582239,0
47131,1,10,1,10,65232.5379650683,681,6357.51594173416,6.64463559082244,0
47131,1,11,1,11,71590.0539068025,599,6196.3367393455,6.2240809490636,0
47131,1,12,1,12,77786.390646148,514,6113.04547749205,6.09817042247312,0
47131,1,13,1,13,83899.43612364,548,6117.96685320405,5.43160783579506,0
47131,1,14,1,14,90017.4029768441,634,6248.21541862548,5.3785632146083,0
47131,1,15,1,15,96265.6183954696,566,6143.60122398284,5.67730770395263,0
47131,1,16,1,16,102409.219619452,632,6234.06241432713,4.8969246434109,0
47131,1,17,1,17,108643.28203378,512,6123.3429169406,4.23561237793406,0
47131,1,18,1,18,114766.62495072,1,10011.430011622,0,1
47131,1,19,1,19,124778.054962342,631,6214.37967674865,7.39966775235655,0
47131,1,20,1,20,130992.434639091,519,6162.82887849593,6.83210717449076,0
47131,1,21,1,21,137155.263517587,723,6347.72059480019,6.56625731995477,0
47131,1,22,1,22,143502.984112387,496,6782.9759430133,6.21312322723812,0
47131,1,23,1,23,150285.9600554,682,6293.50013391741,5.65983658946539,0
47131,1,24,1,24,156579.460189318,723,6363.16023585279,5.09259090808343,0
47131,1,25,1,25,162942.62042517,673,6248.68709326073,4.62481720270976,0
47131,1,26,1,26,169191.307518431,530,6180.75527987277,4.16486647218042,0
47131,1,27,1,27,175372.062798304,565,6177.1225161028,3.84151681913465,0
47131,1,28,1,28,181549.185314407,1,16332.7190502041,0,1
47131,1,29,1,29,197881.904364611,568,6156.96810389092,6.54063022839474,0
47131,1,30,1,30,204038.872468502,581,6163.9243171594,5.84000518946462,0
47131,1,31,1,31,210202.796785661,514,6130.4761069532,5.41672097748489,0
47131,1,32,1,32,216333.272892614,489,6151.27759039751,4.85905679565721,0
47131,1,33,1,33,222484.550483012,654,6232.58773977795,4.11160012934496,0
47131,1,34,1,34,228717.13822279,514,6089.3337536545,3.60271905606488,0
47131,1,35,1,35,234806.471976444,1,10345.2990156456,0,1
47131,1,36,1,36,245151.77099209,648,6248.89369780978,7.03559027288457,0
47131,1,37,1,37,251400.6646899,604,6248.62507239048,6.45780613205558,0
47131,1,38,1,38,257649.28976229,882,6525.92906866816,6.33872078400507,0
47131,1,39,1,39,264175.218830958,555,6165.12009531469,5.69871537470199,0
47131,1,40,1,40,270340.338926273,501,6112.10331333673,5.17865525581937,0
47131,1,41,1,41,276452.44223961,515,6130.83519593423,4.47757379970623,0
47131,1,42,1,42,282583.277435544,532,6119.07058765064,4.0302782043694,0
47131,1,43,1,43,288702.348023195,494,6108.15609981184,3.92340821614135,0
47131,1,44,1,44,294810.504123006,1,9718.34190169279,0,1
47131,1,45,2,1,335696.431153281,578,7810.42432545294,6.26414540270817,0
47131,1,46,2,2,343506.855478734,745,6358.26137727418,5.74529745923677,0
47131,1,47,2,3,349865.116856008,498,6113.65185987594,5.16105891939607,0
47131,1,48,2,4,355978.768715884,582,6230.38777659531,4.50241806996271,0
47131,1,49,2,5,362209.156492479,531,6119.01370226586,4.30835796706585,0
47131,1,50,2,6,368328.170194745,485,6142.10482238018,3.94190674731929,0
47131,1,51,2,7,374470.275017125,557,6197.3215675407,3.49348081568332,0
47131,1,52,2,8,380667.596584666,572,6245.47504430299,2.88095523806011,0
47131,1,53,2,9,386913.071628969,1,24805.1983759215,0,1
47131,1,54,2,10,411718.270004891,422,6548.27870361443,6.77724307187532,0
47131,1,55,2,11,418266.548708505,464,6151.75282036944,5.68115628090077,0
47131,1,56,2,12,424418.301528874,464,6197.12483892363,5.20362762614675,0
47131,1,57,2,13,430615.426367798,484,6162.54879699228,5.0263769131251,0
47131,1,58,2,14,436777.97516479,456,6123.54833637981,4.21723870986159,0
47131,1,59,2,15,442901.52350117,931,6547.29822083027,3.67055722836813,0
47131,1,60,2,16,449448.821722,517,6215.95350567985,2.93422456000208,0
47131,1,61,2,17,455664.77522768,486,6094.35151848453,2.37854092645433,0
47131,1,62,2,18,461759.126746165,514,6196.49791459774,2.11471092962705,0
47131,1,63,2,19,467955.624660763,1,24873.2293436915,0,1
47131,1,64,2,20,492828.854004454,446,6151.10140372603,7.04475647140652,0
47131,1,65,2,21,498979.95540818,480,6174.34145293187,6.89133868142048,0
47131,1,66,2,22,505154.296861112,429,6129.25267618085,6.10603374847636,0
47131,1,67,2,23,511283.549537293,555,6198.06502789469,5.35067352757318,0
47131,1,68,2,24,517481.614565188,512,6196.56112057786,4.78605180676562,0
47131,1,69,2,25,523678.175685765,573,6231.15414911805,4.41206683222129,0
47131,1,70,2,26,529909.329834883,533,6212.887225518,3.99188326324232,0
47131,1,71,2,27,536122.217060401,363,6047.66995100724,3.6770604812581,0
47131,1,72,2,28,542169.887011409,632,6312.8609160285,3.40954301926171,0
47131,1,73,2,29,548482.747927437,466,6496.98033424828,2.80411481193524,0
47131,1,74,2,30,554979.728261685,498,6199.01667294838,2.73503874903788,0
47131,1,75,2,31,561178.744934634,466,6266.17105276638,2.44208554550418,0
47131,1,76,2,32,567444.9159874,545,6180.74461386283,1.91253810777001,0
47131,1,77,2,33,573625.660601263,1,24882.6490100764,0,1
47131,1,78,2,34,598508.309611339,602,6281.42818654852,7.23279181307643,0
47131,1,79,2,35,604789.737797888,633,6312.03094248846,6.80977533893588,0
47131,1,80,2,36,611101.768740376,630,6384.81539508025,6.36315593133694,0
47131,1,81,2,37,617486.584135457,447,6145.40772993315,5.90161111576798,0
47131,1,82,2,38,623631.99186539,464,6092.10257066658,5.2038734455155,0
47131,1,83,2,39,629724.094436056,797,6449.2621886821,4.7629543483498,0
47131,2,1,1,1,0,647,14121.6600576918,0,1
47131,2,2,1,2,14121.6600576918,410,6488.15085371461,7.49040029644244,0
47131,2,3,1,3,20609.8109114064,664,6396.79450866424,6.45793105608583,0
47131,2,4,1,4,27006.6054200706,582,6350.79951615808,5.96757443575209,0
47131,2,5,1,5,33357.4049362287,718,6510.9081672399,5.61480576750506,0
47131,2,6,1,6,39868.3131034686,581,6262.74963399919,5.08367870537572,0
47131,2,7,1,7,46131.0627374678,605,6311.31394963813,4.66917581602252,0
47131,2,8,1,8,52442.3766871059,673,6432.08280299586,3.91063801352627,0
47131,2,9,1,9,58874.4594901018,679,6379.36980476479,3.72173487962807,0
47131,2,10,1,10,65253.8292948666,1,9849.92055798284,0,1
47131,2,11,1,11,75103.7498528494,487,6243.8166773718,6.58039140357602,0
47131,2,12,1,12,81347.5665302212,566,6244.7710876877,6.34847440985845,0
47131,2,13,1,13,87592.3376179089,814,6499.31816547905,5.77008253590795,0
47131,2,14,1,14,94091.655783388,773,6515.67231806985,5.08275408787375,0
47131,2,15,1,15,100607.328101458,532,6330.46773216302,4.60375055226846,0
47131,2,16,1,16,106937.795833621,593,6288.43180430158,3.64757584990992,0
47131,2,17,1,17,113226.227637922,569,6266.76360883903,3.21677748868592,0
47131,2,18,1,18,119492.991246761,1,9811.07376691034,0,1
47131,2,19,1,19,129304.065013672,522,6250.72904149056,6.90899536343634,0
47131,2,20,1,20,135554.794055162,421,6143.79558237488,6.3685604908017,0
47131,2,21,1,21,141698.589637537,412,6115.16801334984,5.47055199983684,0
47131,2,22,1,22,147813.757650887,698,6443.44565826212,5.35127334484491,0
47131,2,23,1,23,154257.203309149,613,6318.96503366079,4.90819868650425,0
47131,2,24,1,24,160576.16834281,490,6227.39418331184,3.96449607172007,0
47131,2,25,1,25,166803.562526122,513,6250.88468621834,3.24675211920043,0
47131,2,26,1,26,173054.44721234,1,13852.2888070893,0,1
47131,2,27,1,27,186906.736019429,563,6232.18717187227,6.83316133154563,0
47131,2,28,1,28,193138.923191302,521,6300.25803841816,6.24962588323672,0
47131,2,29,1,29,199439.18122972,496,6146.58889170643,5.70366156622327,0
47131,2,30,1,30,205585.770121426,681,6497.77870479919,4.74661128452785,0
47131,2,31,1,31,212083.548826226,556,6293.45114928222,4.71695277512415,0
47131,2,32,1,32,218376.999975508,781,6510.95912706293,4.27548356809369,0
47131,2,33,1,33,224887.959102571,566,6229.93111338111,3.4600634536935,0
47131,2,34,1,34,231117.890215952,1,9816.16935410601,0,1
47131,2,35,1,35,240934.059570058,671,6413.45560530317,6.96587857488385,0
47131,2,36,1,36,247347.515175361,747,6825.39584720874,6.35357292907027,0
47131,2,37,1,37,254172.91102257,815,6487.6764138189,6.06105256545392,0
47131,2,38,1,38,260660.587436389,1442,7258.26319444604,5.6760970521423,0
47131,2,39,1,39,267918.850630835,812,6549.36782167718,5.56756982513761,0
47131,2,40,1,40,274468.218452512,780,6491.28468527121,5.38865943054463,0
47131,2,41,1,41,280959.503137783,889,6581.33306154743,4.62357372741101,0
47131,2,42,1,42,287540.83619933,763,6479.51533653575,4.05288860319293,0
47131,2,43,1,43,294020.351535866,605,6285.60886716697,3.58113510628729,0
47131,2,44,1,44,300305.960403033,3,9812.93755328079,0,1
47131,2,45,2,1,341380.886748313,862,6580.45133810991,6.84634889742508,0
47131,2,46,2,2,347961.338086423,448,6151.34948720149,6.51630659721107,0
47131,2,47,2,3,354112.687573624,558,6308.99587028037,6.14729184089578,0
47131,2,48,2,4,360421.683443905,482,6214.52031005721,5.62366488558967,0
47131,2,49,2,5,366636.203753962,564,6287.22852043388,4.95101595031904,0
47131,2,50,2,6,372923.432274396,615,6320.23033839685,4.41873473897151,0
47131,2,51,2,7,379243.662612793,627,6447.63937511382,4.05207688301714,0
47131,2,52,2,8,385691.301987907,644,6347.89836162236,3.47298576613218,0
47131,2,53,2,9,392039.200349529,465,6147.29679869564,2.96685651581461,0
47131,2,54,2,10,398186.497148225,679,6366.548471482,2.56281437748284,0
47131,2,55,2,11,404553.045619707,478,6226.17193765106,1.63325553028714,0
47131,2,56,2,12,410779.217557358,1,26104.8804498369,0,1
47131,2,57,2,13,436884.098007195,631,6359.67166072986,7.07949601585368,0
47131,2,58,2,14,443243.769667924,765,6520.63438263029,6.71740706645011,0
47131,2,59,2,15,449764.404050555,863,6629.20606177067,5.77827608136202,0
47131,2,60,2,16,456393.610112325,660,6427.45612517319,5.28724529782268,0
47131,2,61,2,17,462821.066237499,687,6414.59489311458,4.66123696900001,0
47131,2,62,2,18,469235.661130613,637,6415.95974727167,4.25478976503127,0
47131,2,63,2,19,475651.620877885,614,6377.02328271192,4.07712768381982,0
47131,2,64,2,20,482028.644160597,593,6350.75882730779,3.46426114732766,0
47131,2,65,2,21,488379.402987905,568,6272.48730547394,2.91672884141126,0
47131,2,66,2,22,494651.890293378,773,6538.73223023041,2.08050949668682,0
47131,2,67,2,23,501190.622523609,1,24932.2139554079,0,1
47131,2,68,2,24,526122.836479017,513,6263.59935940662,6.53929264886352,0
47131,2,69,2,25,532386.435838423,527,6233.6717223553,5.86989732644842,0
47131,2,70,2,26,538620.107560779,631,6395.50905702158,5.83750348108515,0
47131,2,71,2,27,545015.6166178,638,6443.80277205713,5.3696894125762,0
47131,2,72,2,28,551459.419389857,615,6312.43348558014,4.67042527153801,0
47131,2,73,2,29,557771.852875438,648,6394.22755575471,4.27724163583856,0
47131,2,74,2,30,564166.080431192,548,6256.2176908796,3.96926736034161,0
47131,2,75,2,31,570422.298122072,521,6354.50970725284,4.02027306644768,0
47131,2,76,2,32,576776.807829325,496,6251.06442822656,3.05417002113468,0
47131,2,77,2,33,583027.872257551,519,6278.25919666793,2.77036007769239,0
47131,2,78,2,34,589306.131454219,496,6246.8165912542,2.39851837257251,0
47131,2,79,2,35,595552.948045473,487,6279.5320071145,1.64913226533565,0
47131,2,80,2,36,601832.480052588,2,25509.9020070265,0,1
47131,2,81,2,37,627342.382059614,701,6455.18142881885,7.02835452826893,0
47131,2,82,2,38,633797.563488433,665,6304.82506559568,6.62879118598391,0
47131,2,83,2,39,640102.388554029,745,6490.30104218761,5.75977593536818,0
47204,1,1,1,1,0,563,7731.06830327379,6.93353286110462,0
47204,1,2,1,2,7731.06830327379,699,6963.42284318234,6.30196407381317,0
47204,1,3,1,3,14694.4911464561,1031,7301.96775243712,6.11776694872,0
47204,1,4,1,4,21996.4588988933,1276,7691.21471935068,5.54766284025527,0
47204,1,5,1,5,29687.6736182439,598,7860.03090760278,4.86171810228592,0
47204,1,6,1,6,37547.7045258467,613,6718.35644556268,4.23685464727983,0
47204,1,7,1,7,44266.0609714094,1012,7222.82548581461,4.00673470937258,0
47204,1,8,1,8,51488.886457224,8619,14881.1862609691,3.74851875166045,0
47204,1,9,1,9,66370.0727181931,5435,11971.1086601346,3.18638911504151,0
47204,1,10,1,10,78341.1813783277,765,7338.12498617226,2.32872591831405,0
47204,1,11,1,11,85679.3063645,1887,11488.7861181269,1.96811883790491,0
47204,1,12,1,12,97168.0924826269,4978,11377.7111308445,1.15925376820865,0
47204,1,13,1,13,108545.803613471,3496,10244.5038666101,0.608206788450921,0
47204,1,14,1,14,118790.307480082,7712,14394.6846350027,0,1
47204,1,15,1,15,133184.992115084,7076,14042.3750975751,0,1
47204,1,16,1,16,147227.367212659,1015,12879.7894143026,0,1
47204,1,17,1,17,160107.156626962,961,9347.83338653145,6.80886774588556,0
47204,1,18,1,18,169454.990013493,820,7905.91945377673,6.31196838840571,0
47204,1,19,1,19,177360.90946727,1351,7682.1454869532,5.97877990060148,0
47204,1,20,1,20,185043.054954223,17744,24499.2636532279,5.34034739903324,0
47204,1,21,1,21,209542.318607451,4654,11009.8277011748,4.93338668713837,0
47204,1,22,1,22,220552.146308626,581,7353.89363107606,4.31542820966823,0
47204,1,23,1,23,227906.039939702,597,7257.87622421558,3.90761954553925,0
47204,1,24,1,24,235163.916163918,1379,7149.34368748619,3.63911766583374,0
47204,1,25,1,25,242313.259851404,736,6981.54195122333,2.97697693850381,0
47204,1,26,1,26,249294.801802627,563,6890.18754720746,2.02575724975276,0
47204,1,27,1,27,256184.989349835,564,6919.15078359307,1.71312889690144,0
47204,1,28,1,28,263104.140133428,565,7157.09310520289,1.11606344400432,0
47204,1,29,1,29,270261.233238631,948,7282.57504890457,0.107999633126216,0
47204,1,30,1,30,277543.808287535,500,6863.17697288725,0,1
47204,1,31,1,31,284406.985260423,563,12101.1469470049,0,1
47204,1,32,1,32,296508.132207427,723,7573.07333129033,7.16427852861899,0
47204,1,33,2,1,335300.390374399,1056,9275.25543016242,6.58125212637514,0
47204,1,34,2,2,344575.645804562,766,6882.25759811938,5.64905497923403,0
47204,1,35,2,3,351457.903402681,898,7027.43128746806,4.75871226524372,0
47204,1,36,2,4,358485.334690149,644,6796.15717053274,4.35714783773447,0
47204,1,37,2,5,365281.491860682,872,6580.62207080913,3.79470475274222,0
47204,1,38,2,6,371862.113931491,1538,7266.06610687484,3.25702592328675,0
47204,1,39,2,7,379128.180038366,598,6925.53653765388,2.97266854779328,0
47204,1,40,2,8,386053.71657602,665,6870.01543799852,2.02672576272077,0
47204,1,41,2,9,392923.732014018,696,7062.48321097885,1.09297057145604,0
47204,1,42,2,10,399986.215224997,515,6726.95044986537,0.421828739963755,0
47204,1,43,2,11,406713.165674862,582,6297.237593506,0,1
47204,1,44,2,12,413010.403268368,672,26250.3740989232,0,1
47204,1,45,2,13,439260.777367292,656,8244.69308876904,6.6296470147592,0
47204,1,46,2,14,447505.470456061,767,6963.50185034861,5.70688270146463,0
47204,1,47,2,15,454468.972306409,788,6705.19266687008,5.07999576689925,0
47204,1,48,2,16,461174.164973279,1673,8060.2595543369,4.7023420129112,0
47204,1,49,2,17,469234.424527616,706,6439.28694454004,4.32029207416078,0
47204,1,50,2,18,475673.711472156,788,6537.00695579028,4.13400158894848,0
47204,1,51,2,19,482210.718427947,1180,7600.40783498337,3.93524109746135,0
47204,1,52,2,20,489811.12626293,980,8117.17631554708,3.53543666159882,0
47204,1,53,2,21,497928.302578477,580,6289.78721790557,3.17246974966494,0
47204,1,54,2,22,504218.089796383,679,6461.90274534089,3.19981031512671,0
47204,1,55,2,23,510679.992541724,637,7010.04813116381,2.60221194457074,0
47204,1,56,2,24,517690.040672887,564,6964.16472045705,2.0849570101334,0
47204,1,57,2,25,524654.205393344,680,6444.15260075778,1.65764026364941,0
47204,1,58,2,26,531098.357994102,536,6860.78068559244,0.877882145326526,0
47204,1,59,2,27,537959.138679695,664,6362.17200175824,0.527225026028464,0
47204,1,60,2,28,544321.310681453,671,7568.94481191551,0.430660482412012,0
47204,1,61,2,29,551890.255493368,465,7059.18308172119,0,1
47204,1,62,2,30,558949.43857509,698,26036.9603415638,0,1
47204,1,63,2,31,584986.398916653,696,7447.88726941799,6.86512794273756,0
47204,1,64,2,32,592434.286186071,547,6962.99659953185,6.13553061841135,0
47204,1,65,2,33,599397.282785603,579,6328.55405828205,5.69128265121326,0
47204,1,66,2,34,605725.836843885,1713,7429.87284586881,5.24540396474481,0
47204,1,67,2,35,613155.709689754,1428,9135.54943162308,4.9030292927244,0
47204,1,68,2,36,622291.259121377,864,9754.44454803073,4.63936362678218,0
47204,1,69,2,37,632045.703669408,637,7069.76293110347,4.08197164946108,0
47204,2,1,2,1,0,815,9475.37386190197,7.05118788531817,0
47204,2,2,2,2,9475.37386190197,755,6982.17361350362,6.81399694693129,0
47204,2,3,2,3,16457.5474754056,1163,6904.80821800884,6.53919443825895,0
47204,2,4,2,4,23362.3556934144,728,6986.99739592303,6.28857038001981,0
47204,2,5,2,5,30349.3530893375,697,6421.32545579261,5.78089228763091,0
47204,2,6,2,6,36770.6785451301,1032,6698.98072857177,5.3037065725672,0
47204,2,7,2,7,43469.6592737018,863,6960.73106909353,4.71613382978704,0
47204,2,8,2,8,50430.3903427954,651,6628.00227224579,4.14552311231145,0
47204,2,9,2,9,57058.3926150412,599,6563.98276695836,3.86551177396773,0
47204,2,10,2,10,63622.3753819995,939,6629.01790934302,3.48920607353319,0
47204,2,11,2,11,70251.3932913425,705,7133.17092094076,2.797755389957,0
47204,2,12,2,12,77384.5642122833,646,6335.56910440529,2.13126405652555,0
47204,2,13,2,13,83720.1333166886,730,6810.85368821186,1.62035451451655,0
47204,2,14,2,14,90530.9870049005,499,6324.07079673976,1.10126706623241,0
47204,2,15,2,15,96855.0578016402,997,6648.69701384669,0.659420403492007,0
47204,2,16,2,16,103503.754815487,561,6762.86197132322,0.113116959926075,0
47204,2,17,2,17,110266.61678681,508,6671.15322017344,0,1
47204,2,18,2,18,116937.770006984,878,25868.4293691749,0,1
47204,2,19,2,19,142806.199376158,4171,10528.6716999508,7.18761341040977,0
47204,2,20,2,20,153334.871076109,504,6291.47362582808,6.84545989856764,0
47204,2,21,2,21,159626.344701937,498,6260.34598817385,6.54861572315229,0
47204,2,22,2,22,165886.690690111,1071,6815.72685011089,6.19765984353901,0
47204,2,23,2,23,172702.417540222,743,6504.78348876641,5.46607519661407,0
47204,2,24,2,24,179207.201028988,922,6703.43041206981,5.17872843719235,0
47204,2,25,2,25,185910.631441058,800,6504.59584675264,4.66602465911152,0
47204,2,26,2,26,192415.227287811,532,6290.72977337454,4.22629297823859,0
47204,2,27,2,27,198705.957061185,780,6516.08072320049,4.09317836056668,0
47204,2,28,2,28,205222.037784386,4418,10142.4052783113,3.87857434319339,0
47204,2,29,2,29,215364.443062697,606,6345.74641228392,3.21347097282617,0
47204,2,30,2,30,221710.189474981,540,6319.52195925079,2.61609550990383,0
47204,2,31,2,31,228029.711434232,697,6473.54524108232,1.73976278176848,0
47204,2,32,2,32,234503.256675314,478,6195.54944742413,1.16650435566258,0
47204,2,33,2,33,240698.806122738,790,6535.75666741561,0.634554262337367,0
47204,2,34,2,34,247234.562790154,548,6242.56542583136,0.0449131212006583,0
47204,2,35,2,35,253477.128215985,638,6400.45966368233,0,1
47204,2,36,2,36,259877.587879668,529,26223.6590114008,0,1
47204,2,37,2,37,286101.246891069,845,6705.14526257099,7.32502234506294,0
47204,2,38,2,38,292806.39215364,4548,10281.3354264963,6.91384332628544,0
47204,2,39,1,1,334368.406852132,432,8363.8023145941,6.21010903501485,0
47204,2,40,1,2,342732.209166727,782,7122.31928691285,5.96733647174043,0
47204,2,41,1,3,349854.528453639,598,6386.65750710241,5.06557075315884,0
47204,2,42,1,4,356241.185960742,682,6438.67898441025,4.77040783157512,0
47204,2,43,1,5,362679.864945152,579,6341.4464473644,3.75839689031562,0
47204,2,44,1,6,369021.311392516,689,6496.69394520792,3.43645261991055,0
47204,2,45,1,7,375518.005337724,738,7182.14706709475,2.71458235430633,0
47204,2,46,1,8,382700.152404819,896,6689.84355001338,2.28887789191806,0
47204,2,47,1,9,389389.995954833,656,7081.78466123354,2.02150679524693,0
47204,2,48,1,10,396471.780616066,912,7360.0435487497,1.70001594819725,0
47204,2,49,1,11,403831.824164816,906,7306.99932369863,1.19023765289961,0
47204,2,50,1,12,411138.823488514,683,7157.50749777909,0.832292285412146,0
47204,2,51,1,13,418296.330986293,753,6575.31713475689,0,1
47204,2,52,1,14,424871.64812105,416,10610.8636431163,0,1
47204,2,53,1,15,435482.511764167,998,6966.0107228519,6.98476197188278,0
47204,2,54,1,16,442448.522487019,524,6336.30900650134,6.55734191781486,0
47204,2,55,1,17,448784.83149352,596,6428.55184608017,6.12009138099896,0
47204,2,56,1,18,455213.3833396,647,6474.14727567596,5.79578344311024,0
47204,2,57,1,19,461687.530615276,550,6396.71274891222,4.83268892858434,0
47204,2,58,1,20,468084.243364188,644,6381.07367576048,4.8075363512596,0
47204,2,59,1,21,474465.317039949,681,6764.24696691538,4.48348219128232,0
47204,2,60,1,22,481229.564006864,588,6384.95806299761,3.56551878778694,0
47204,2,61,1,23,487614.522069862,570,7039.34319764085,2.85005531252371,0
47204,2,62,1,24,494653.865267503,745,6568.98747578455,2.2395374100791,0
47204,2,63,1,25,501222.852743287,613,6461.86245168612,1.6245682437602,0
47204,2,64,1,26,507684.715194973,549,6427.34580171778,0.977429486002759,0
47204,2,65,1,27,514112.060996691,648,6519.94377850136,0.511822134650823,0
47204,2,66,1,28,520632.004775192,583,6442.41681335733,0.292058301705308,0
47204,2,67,1,29,527074.42158855,614,6476.80942207808,0,1
47204,2,68,1,30,533551.231010628,639,10631.9170772404,0,1
47204,2,69,1,31,544183.148087868,587,7110.65901455912,7.06532247567284,0
47204,2,70,1,32,551293.807102427,603,6415.00251242903,6.87946964504727,0
47204,2,71,1,33,557708.809614856,615,7276.87033660186,6.72515927321049,0
47204,2,72,1,34,564985.679951458,780,6595.84793649078,6.20295596618721,0
47204,2,73,1,35,571581.527887949,599,6381.09895805246,5.70239988489905,0
47204,2,74,1,36,577962.626846001,579,7011.55440275394,5.19174001849207,0
47204,2,75,1,37,584974.181248755,744,6634.54090516828,4.90756326223381,0
47204,2,76,1,38,591608.722153924,1199,7793.74824209115,4.42868672240841,0
47204,2,77,1,39,599402.470396015,716,7130.64506189409,3.84473639408418,0
47204,2,78,1,40,606533.115457909,760,6935.16909113352,3.45948698538376,0
47204,2,79,1,41,613468.284549042,803,7161.30971756496,2.92428616449686,0
47204,2,80,1,42,620629.594266607,723,7608.68067516456,2.43435888896091,0
47204,2,81,1,43,628238.274941772,673,7285.62591055746,1.87372947641785,0
47324,1,1,2,1,0,531,9548.88232073426,7.5279798456817,0
47324,1,2,2,2,9548.88232073426,956,6646.80300196778,6.9185615772648,0
47324,1,3,2,3,16195.685322702,939,6596.40571287309,5.98377322342437,0
47324,1,4,2,4,22792.0910355751,696,6400.8381113108,5.57782104705469,0
47324,1,5,2,5,29192.9291468859,648,6341.23645120417,5.03224239211499,0
47324,1,6,2,6,35534.1655980901,536,30707.7845276508,0,1
47324,1,7,2,7,66241.9501257409,481,6174.17158685748,7.04791065690136,0
47324,1,8,2,8,72416.1217125984,750,6453.77272551195,6.36958456818415,0
47324,1,9,2,9,78869.8944381104,429,6087.98075061895,5.72484796106137,0
47324,1,10,2,10,84957.8751887293,523,6198.50154420055,5.25314255912163,0
47324,1,11,2,11,91156.3767329299,466,25255.2281222379,0,1
47324,1,12,2,12,116411.604855168,548,6228.59944236552,7.14859249749933,0
47324,1,13,2,13,122640.204297533,448,6087.5153965826,6.48044030543277,0
47324,1,14,2,14,128727.719694116,1080,6759.75722582552,5.78514155872821,0
47324,1,15,2,15,135487.476919941,485,6159.21547155993,5.09337230238994,0
47324,1,16,2,16,141646.692391501,416,25486.6011220638,0,1
47324,1,17,2,17,167133.293513565,598,6248.45836661552,6.996694883274,0
47324,1,18,2,18,173381.751880181,513,6060.63349774742,6.62285807698542,0
47324,1,19,2,19,179442.385377928,447,25258.5515717365,0,1
47324,1,20,2,20,204700.936949665,852,6878.5019076349,7.06912660472535,0
47324,1,21,2,21,211579.438857299,498,6133.67630478935,6.32497630118752,0
47324,1,22,2,22,217713.115162089,429,6109.61971331199,6.08223848705247,0
47324,1,23,2,23,223822.734875401,530,25805.4128812219,0,1
47324,1,24,2,24,249628.147756623,996,6677.62342350397,7.08731028897061,0
47324,1,25,2,25,256305.771180127,488,6163.99502884995,6.32571637789569,0
47324,1,26,2,26,262469.766208977,531,6648.08687346161,5.71956397424882,0
47324,1,27,2,27,269117.853082438,581,25386.806383487,0,1
47324,1,28,2,28,294504.659465925,515,6161.26650564914,6.86332802609783,0
47324,1,29,1,1,331850.098719842,401,8462.61524228065,5.96820043278048,0
47324,1,30,1,2,340312.713962123,589,10815.1039382847,0,1
47324,1,31,1,3,351127.817900408,633,6332.42790765327,6.93391869959797,0
47324,1,32,1,4,357460.245808061,674,6425.90204811131,6.57200412743514,0
47324,1,33,1,5,363886.147856172,813,6519.52432758658,5.55756962798733,0
47324,1,34,1,6,370405.672183759,368,10242.2594400105,0,1
47324,1,35,1,7,380647.931623769,412,6947.71877762832,6.91024634071945,0
47324,1,36,1,8,387595.650401397,436,6161.23529769725,6.48977126316789,0
47324,1,37,1,9,393756.885699095,582,10462.7633812979,0,1
47324,1,38,1,10,404219.649080393,455,6230.80217081046,6.66139708107001,0
47324,1,39,1,11,410450.451251203,615,6381.46587311529,6.00837942007175,0
47324,1,40,1,12,416831.917124318,572,10456.5150750204,0,1
47324,1,41,1,13,427288.432199339,469,6214.00518131122,6.88816411072124,0
47324,1,42,1,14,433502.43738065,415,6182.69767868152,6.28819829115725,0
47324,1,43,1,15,439685.135059332,580,6362.13274362125,5.85301309062055,0
47324,1,44,1,16,446047.267802953,513,10341.2656839719,0,1
47324,1,45,1,17,456388.533486925,439,6182.34728052263,7.27331251331773,0
47324,1,46,1,18,462570.880767447,846,6581.03243810002,6.87348368168295,0
47324,1,47,1,19,469151.913205547,1115,6845.19591088791,6.17032410789475,0
47324,1,48,1,20,475997.109116435,590,10446.377230679,0,1
47324,1,49,1,21,486443.486347114,462,6217.99742909573,7.04908298608174,0
47324,1,50,1,22,492661.48377621,1012,6794.28704838391,6.49204865467975,0
47324,1,51,1,23,499455.770824594,480,10758.7321038191,0,1
47324,1,52,1,24,510214.502928413,449,6177.8004002517,6.95196652334865,0
47324,1,53,1,25,516392.303328665,815,6519.01749462559,6.44308173907191,0
47324,1,54,1,26,522911.32082329,671,10505.8907974454,0,1
47324,1,55,1,27,533417.211620736,498,6213.26093088277,7.14173755568013,0
47324,1,56,1,28,539630.472551618,631,6315.74350380653,6.51059731369015,0
47324,1,57,1,29,545946.216055425,465,10274.7271674325,0,1
47324,1,58,1,30,556220.943222857,480,6214.7233592713,6.98595581714235,0
47324,1,59,1,31,562435.666582129,711,6413.38489361259,6.50715629863391,0
47324,1,60,1,32,568849.051475741,497,10329.2209941829,0,1
47324,1,61,1,33,579178.272469924,430,6132.89413077116,7.18100143346495,0
47324,1,62,1,34,585311.166600695,388,6110.10442418221,6.74901090528728,0
47324,1,63,1,35,591421.271024878,563,10394.3918913046,0,1
47324,1,64,1,36,601815.662916182,551,6264.21680283605,6.6047024410165,0
47324,1,65,1,37,608079.879719018,564,10413.2968002759,0,1
47324,1,66,1,38,618493.176519294,414,6144.5651151971,6.94834313947883,0
47324,1,67,1,39,624637.741634491,480,6198.4711263231,6.73467555072846,0
47324,1,68,1,40,630836.212760814,456,10292.3580808456,0,1
47324,2,1,1,1,0,453,11601.0185643863,6.83170664305237,0
47324,2,2,1,2,11601.0185643863,413,5995.48472271999,6.41432955640201,0
47324,2,3,1,3,17596.5032871063,368,5966.27763385186,5.54606192817865,0
47324,2,4,1,4,23562.7809209582,562,10326.085187442,0,1
47324,2,5,1,5,33888.8661084002,461,6117.73773152163,6.50173254271027,0
47324,2,6,1,6,40006.6038399218,416,6607.00140554218,5.95254037909134,0
47324,2,7,1,7,46613.605245464,1531,11334.695817266,0,1
47324,2,8,1,8,57948.30106273,448,6156.98943590905,6.70319175254962,0
47324,2,9,1,9,64105.2904986391,406,6030.05918450071,5.98328040421366,0
47324,2,10,1,10,70135.3496831398,749,10511.5939521365,0,1
47324,2,11,1,11,80646.9436352763,415,7750.00730819193,7.11416773466725,0
47324,2,12,1,12,88396.9509434683,513,6142.9675840227,6.84583540330579,0
47324,2,13,1,13,94539.918527491,398,10127.2095428376,0,1
47324,2,14,1,14,104667.128070329,518,7548.7642045573,7.20818137819701,0
47324,2,15,1,15,112215.892274886,780,6676.52482454469,6.2307305847511,0
47324,2,16,1,16,118892.417099431,465,10646.1456597626,0,1
47324,2,17,1,17,129538.562759193,456,6082.6335246111,7.1119832298505,0
47324,2,18,1,18,135621.196283804,413,6025.93538926519,6.84453845927313,0
47324,2,19,1,19,141647.131673069,1039,10731.6771786118,0,1
47324,2,20,1,20,152378.808851681,545,6161.85432127531,6.93554186377187,0
47324,2,21,1,21,158540.663172957,450,6083.67523818742,6.40050307441997,0
47324,2,22,1,22,164624.338411144,537,6109.82434267679,6.25990178374068,0
47324,2,23,1,23,170734.162753821,1030,11143.6553441054,0,1
47324,2,24,1,24,181877.818097926,496,6136.63552981958,7.15085147279196,0
47324,2,25,1,25,188014.453627746,778,6413.01908899733,6.64021037224711,0
47324,2,26,1,26,194427.472716743,1165,10904.0738625099,0,1
47324,2,27,1,27,205331.546579253,383,5947.43040033791,7.4174574972227,0
47324,2,28,1,28,211278.976979591,563,6137.06651560459,7.01280281722353,0
47324,2,29,1,29,217416.043495195,421,6525.08961422971,6.47539139875623,0
47324,2,30,1,30,223941.133109425,648,10392.7651273643,0,1
47324,2,31,1,31,234333.89823679,514,6105.80878768631,7.16603395983165,0
47324,2,32,1,32,240439.707024476,707,7223.34149480594,6.7425761303656,0
47324,2,33,1,33,247663.048519282,663,6293.92361399188,6.37763027897689,0
47324,2,34,1,34,253956.972133274,515,10229.0229224382,0,1
47324,2,35,1,35,264185.995055712,670,6251.9635333101,7.23872562980707,0
47324,2,36,1,36,270437.958589022,397,6013.88082354242,6.3831493133402,0
47324,2,37,1,37,276451.839412564,539,10254.4629348267,0,1
47324,2,38,1,38,286706.302347391,548,7463.45627686789,6.91979128745201,0
47324,2,39,1,39,294169.758624259,467,6054.07390201255,6.28617136806773,0
47324,2,40,1,40,300223.832526272,489,10191.2664345436,0,1
47324,2,41,2,1,341579.815722962,397,6032.81220001919,6.97779294778128,0
47324,2,42,2,2,347612.627922981,450,6128.9560031055,6.28352696826745,0
47324,2,43,2,3,353741.583926087,139,24940.2355844941,0,1
47324,2,44,2,4,378681.819510581,521,6949.3625281757,6.58064041781632,0
47324,2,45,2,5,385631.182038756,431,25437.7397383105,0,1
47324,2,46,2,6,411068.921777067,372,6740.49046261277,6.89847566794607,0
47324,2,47,2,7,417809.41223968,389,6035.65409894875,6.76708889209615,0
47324,2,48,2,8,423845.066338628,567,25405.8222979638,0,1
47324,2,49,2,9,449250.888636592,747,6443.30423487921,7.11677692906413,0
47324,2,50,2,10,455694.192871471,631,6275.70488495257,6.81483483737718,0
47324,2,51,2,11,461969.897756424,547,25388.6093341025,0,1
47324,2,52,2,12,487358.507090526,513,6195.04022665572,7.1789207842151,0
47324,2,53,2,13,493553.547317182,471,25272.8685165475,0,1
47324,2,54,2,14,518826.41583373,466,6144.10687183414,6.86810013615371,0
47324,2,55,2,15,524970.522705564,466,6519.72816687706,6.3129308951864,0
47324,2,56,2,16,531490.250872441,496,25331.1969711685,0,1
47324,2,57,2,17,556821.447843609,481,6730.49127639015,7.04491199685561,0
47324,2,58,2,18,563551.93912,484,25288.9429826738,0,1
47324,2,59,2,19,588840.882102673,464,6743.59703658777,7.09640714467658,0
47324,2,60,2,20,595584.479139261,585,6230.55724763253,6.60222986116842,0
47324,2,61,2,21,601815.036386894,481,25276.8161251097,0,1
47324,2,62,2,22,627091.852512003,1232,6856.75746995909,7.29941229012467,0
47324,2,63,2,23,633948.609981962,547,25289.2108180204,0,1
48238,1,1,2,1,0,847,9983.24765431244,6.85926680730164,0
48238,1,2,2,2,9983.24765431244,720,6783.11626181585,6.37764265956287,0
48238,1,3,2,3,16766.3639161283,683,7073.39768115526,5.67508879320387,0
48238,1,4,2,4,23839.7615972835,540,6166.85266776949,5.2621674648248,0
48238,1,5,2,5,30006.614265053,603,7027.76940498461,4.91347447515997,0
48238,1,6,2,6,37034.3836700376,778,26404.7335272489,0,1
48238,1,7,2,7,63439.1171972866,553,7460.12182446702,7.4260178671225,0
48238,1,8,2,8,70899.2390217536,665,6854.17289688121,6.96966172039282,0
48238,1,9,2,9,77753.4119186348,564,6941.39641858601,6.399933831882,0
48238,1,10,2,10,84694.8083372208,613,6747.10065431645,5.65818987285382,0
48238,1,11,2,11,91441.9089915373,582,6660.85210759319,5.3175551209341,0
48238,1,12,2,12,98102.7610991305,597,6717.30821574421,4.42508072245269,0
48238,1,13,2,13,104820.069314875,1021,7565.21685885036,3.98558786363212,0
48238,1,14,2,14,112385.286173725,1112,6940.75288769181,3.66764117715061,0
48238,1,15,2,15,119326.039061417,616,6270.42124212859,3.46304958969884,0
48238,1,16,2,16,125596.460303545,1213,6995.92627956645,3.02705057704779,0
48238,1,17,2,17,132592.386583112,695,6924.10601944354,2.50787534260611,0
48238,1,18,2,18,139516.492602555,748,6931.95796546206,1.82254524215276,0
48238,1,19,2,19,146448.450568017,747,6951.42388617661,2.13827660545352,0
48238,1,20,2,20,153399.874454194,1130,6795.87310629449,1.39180086715771,0
48238,1,21,2,21,160195.747560489,686,6756.97721410781,0.793008066566092,0
48238,1,22,2,22,166952.724774596,870,6835.45203403535,0.237630249579633,0
48238,1,23,2,23,173788.176808632,688,6710.71449311421,0,1
48238,1,24,2,24,180498.891301746,651,6517.79309592803,0.0574758940480008,0
48238,1,25,2,25,187016.684397674,715,6762.93175135652,0,1
48238,1,26,2,26,193779.616149031,598,6709.20106962786,0,1
48238,1,27,2,27,200488.817218658,678,25489.770861127,0,1
48238,1,28,2,28,225978.588079785,555,7128.84326012954,7.24801143409339,0
48238,1,29,2,29,233107.431339915,647,6349.66047720809,7.17101906313945,0
48238,1,30,2,30,239457.091817123,554,6296.40187615587,6.31465622395215,0
48238,1,31,2,31,245753.493693279,554,6265.39032380789,5.61241172004996,0
48238,1,32,2,32,252018.884017087,696,6375.86589274358,5.18262250191133,0
48238,1,33,2,33,258394.74990983,671,6579.01070062694,4.96926312835168,0
48238,1,34,2,34,264973.760610457,489,6147.50565608026,4.81648637206307,0
48238,1,35,2,35,271121.266266538,680,6431.68479074573,4.40407296885085,0
48238,1,36,2,36,277552.951057283,685,6845.30489103234,3.85895031780223,0
48238,1,37,2,37,284398.255948316,656,6817.67138207401,3.42328977036819,0
48238,1,38,2,38,291215.92733039,3648,9791.51771764189,2.83741145876489,0
48238,1,39,1,1,332209.001768623,536,8014.83597468084,1.99796393203288,0
48238,1,40,1,2,340223.837743304,562,6795.63173282897,1.519432837336,0
48238,1,41,1,3,347019.469476133,648,6297.38040655776,1.29051784608677,0
48238,1,42,1,4,353316.849882691,615,7766.47452917404,0.819342982577608,0
48238,1,43,1,5,361083.324411865,1613,8614.88053593528,0.34656541887724,0
48238,1,44,1,6,369698.2049478,479,10286.7141486331,0,1
48238,1,45,1,7,379984.919096433,731,6485.95589620888,6.44717146884268,0
48238,1,46,1,8,386470.874992642,730,6509.76772445667,5.69119588365962,0
48238,1,47,1,9,392980.642717099,747,6430.86862449127,5.356272005092,0
48238,1,48,1,10,399411.51134159,532,6283.34598140826,4.64525453501084,0
48238,1,49,1,11,405694.857322998,594,6294.72095291567,4.25998671115717,0
48238,1,50,1,12,411989.578275914,680,6860.7820263278,3.67853362689352,0
48238,1,51,1,13,418850.360302242,880,6619.24540570728,3.23713948021826,0
48238,1,52,1,14,425469.605707949,748,6511.64419575798,2.55808621829367,0
48238,1,53,1,15,431981.249903707,816,6593.31573269085,2.19709888357744,0
48238,1,54,1,16,438574.565636398,932,10764.2448862207,0,1
48238,1,55,1,17,449338.810522619,597,7061.6782290226,7.39369348843729,0
48238,1,56,1,18,456400.488751641,521,6316.38570294768,6.84344682054672,0
48238,1,57,1,19,462716.874454589,772,6893.42354090512,5.95221447125826,0
48238,1,58,1,20,469610.297995494,634,6361.45301296073,5.43972138162936,0
48238,1,59,1,21,475971.751008455,507,6214.89862907038,5.18246619233644,0
48238,1,60,1,22,482186.649637525,765,6567.24897850835,4.61542202171226,0
48238,1,61,1,23,488753.898616033,362,6711.06094897276,3.9509116697071,0
48238,1,62,1,24,495464.959565006,754,10593.5823891386,0,1
48238,1,63,1,25,506058.541954145,680,7514.91202114994,7.1478970258138,0
48238,1,64,1,26,513573.453975295,834,7009.2713484164,6.8439424568858,0
48238,1,65,1,27,520582.725323711,513,6954.25004947907,6.39666188427819,0
48238,1,66,1,28,527536.97537319,621,6813.0331400634,5.76029371993255,0
48238,1,67,1,29,534350.008513254,838,7963.76395650266,4.85382158876473,0
48238,1,68,1,30,542313.772469756,483,6847.16714065685,4.22401262830723,0
48238,1,69,1,31,549160.939610413,48,10338.6615900545,0,1
48238,1,70,1,32,559499.601200468,964,7636.99603412708,7.02356516647173,0
48238,1,71,1,33,567136.597234595,417,6794.55325563869,6.78218689137804,0
48238,1,72,1,34,573931.150490233,470,6280.02877519338,7.00268152265124,0
48238,1,73,1,35,580211.179265427,414,6165.24166777614,6.4788769057747,0
48238,1,74,1,36,586376.420933203,1513,7225.00629111624,5.356588251839,0
48238,1,75,1,37,593601.427224319,514,6951.12562600116,4.91120522021345,0
48238,1,76,1,38,600552.55285032,514,6774.23798475682,4.10169730026519,0
48238,1,77,1,39,607326.790835077,547,10360.5993172806,0,1
48238,1,78,1,40,617687.390152358,1997,9150.85012050893,7.13863265186645,0
48238,1,79,1,41,626838.240272867,412,10921.5978686443,0,1
48238,2,1,2,1,0,512,7335.75483724599,7.03486199857096,0
48238,2,2,2,2,7335.75483724599,480,6628.16002705222,6.27504326527665,0
48238,2,3,2,3,13963.9148642982,440,6565.12955355538,5.94071890352149,0
48238,2,4,2,4,20529.0444178536,506,6649.56444138261,5.40322587069019,0
48238,2,5,2,5,27178.6088592362,428,6007.49719418127,4.96973447903375,0
48238,2,6,2,6,33186.1060534175,1,24774.0345357633,0,1
48238,2,7,2,7,57960.1405891808,531,6795.83360163451,7.10497600117506,0
48238,2,8,2,8,64755.9741908153,846,6766.16876311346,6.99252205805158,0
48238,2,9,2,9,71522.1429539288,564,6711.38370203698,6.61262829098771,0
48238,2,10,2,10,78233.5266559658,748,6410.15712187982,6.39434006541639,0
48238,2,11,2,11,84643.6837778456,623,6315.4447019715,6.05463745742807,0
48238,2,12,2,12,90959.1284798171,814,6463.54134774811,5.45416814628322,0
48238,2,13,2,13,97422.6698275652,1237,6834.02473070782,5.06477347777905,0
48238,2,14,2,14,104256.694558273,730,6808.88278058956,4.53526380323009,0
48238,2,15,2,15,111065.577338863,880,6580.01372391846,4.20247776255214,0
48238,2,16,2,16,117645.591062781,855,7031.90356754749,3.88639099213357,0
48238,2,17,2,17,124677.494630329,514,25639.4338666341,0,1
48238,2,18,2,18,150316.928496963,564,6327.09225562395,6.35385882933962,0
48238,2,19,2,19,156644.020752587,529,6133.48150214186,5.72309737290076,0
48238,2,20,2,20,162777.502254728,213,5859.66918008489,5.03859638446942,0
48238,2,21,2,21,168637.171434813,448,6066.54204263579,4.37434586891053,0
48238,2,22,2,22,174703.713477449,48,6128.74805390128,3.6758028681928,0
48238,2,23,2,23,180832.46153135,349,6014.10000288344,3.34399503695852,0
48238,2,24,2,24,186846.561534234,540,6613.72146924259,3.02276380937862,0
48238,2,25,2,25,193460.283003476,529,6152.53262393342,2.86266593710385,0
48238,2,26,2,26,199612.81562741,264,25032.1512617593,0,1
48238,2,27,2,27,224644.966889169,2,6567.54052289217,7.26951898577947,0
48238,2,28,2,28,231212.507412061,1,6459.92430117255,6.96146157355813,0
48238,2,29,2,29,237672.431713234,2,5629.93062586794,6.282391560418,0
48238,2,30,2,30,243302.362339102,2,6046.85884629909,6.13696493114305,0
48238,2,31,2,31,249349.221185401,1,5614.45862617801,5.89160330840022,0
48238,2,32,2,32,254963.679811579,419,6032.09437504847,5.52315437085542,0
48238,2,33,2,33,260995.774186627,2,5664.21039865419,5.25675737621069,0
48238,2,34,2,34,266659.984585282,1,5600.96146438993,4.65432584102264,0
48238,2,35,2,35,272260.946049672,1,5627.32884902833,4.12691993538492,0
48238,2,36,2,36,277888.2748987,149,5728.94233781518,4.05633392670112,0
48238,2,37,2,37,283617.217236515,1,5697.33307997556,3.62057244442994,0
48238,2,38,2,38,289314.550316491,2,6045.98065772915,2.90688949114668,0
48238,2,39,2,39,295360.53097422,1,5579.56416090019,2.19241119183577,0
48238,2,40,1,1,332144.461427059,1,6918.22970141948,1.57822323766661,0
48238,2,41,1,2,339062.691128478,814,6974.73400525452,0.922004058006595,0
48238,2,42,1,3,346037.425133733,2,10544.0376210772,0,1
48238,2,43,1,4,356581.46275481,1,6486.02028880303,7.4893007680988,0
48238,2,44,1,5,363067.483043613,158,5846.4789694972,7.18992380673463,0
48238,2,45,1,6,368913.96201311,1,5744.99940150417,6.73125635693612,0
48238,2,46,1,7,374658.961414614,1,9845.29264458799,0,1
48238,2,47,1,8,384504.254059202,2,5743.83914967073,6.44279649922895,0
48238,2,48,1,9,390248.093208873,1,5686.78770630684,5.74487302737236,0
48238,2,49,1,10,395934.88091518,662,12706.0102783234,0,1
48238,2,50,1,11,408640.891193503,1,6284.95500616741,6.84508656248384,0
48238,2,51,1,12,414925.846199671,2,5711.0475173904,6.68109275391586,0
48238,2,52,1,13,420636.893717061,1,5699.2992268533,6.03656118215599,0
48238,2,53,1,14,426336.192943914,1,5691.78504567029,5.74225305232264,0
48238,2,54,1,15,432027.977989585,31,5702.2545703912,5.47760681825531,0
48238,2,55,1,16,437730.232559976,1,6091.77366832778,5.00198190517407,0
48238,2,56,1,17,443822.006228304,1,9795.509268386,0,1
48238,2,57,1,18,453617.51549669,1,5662.94782975275,7.25424875455131,0
48238,2,58,1,19,459280.463326442,1,6180.87800684769,6.83578836572167,0
48238,2,59,1,20,465461.34133329,1,5703.29117264372,6.22762205353908,0
48238,2,60,1,21,471164.632505934,1,5727.36215145595,5.39449393803165,0
48238,2,61,1,22,476891.99465739,1,5666.75726401812,4.60061623355517,0
48238,2,62,1,23,482558.751921408,1,5709.8094413759,3.94375078267234,0
48238,2,63,1,24,488268.561362784,136,9950.36239598994,0,1
48238,2,64,1,25,498218.923758774,1,6274.18248071079,7.19602503196698,0
48238,2,65,1,26,504493.106239484,482,7303.57276185352,7.16580983350512,0
48238,2,66,1,27,511796.679001338,2,5746.40695250308,6.57908787980587,0
48238,2,67,1,28,517543.085953841,1,5775.9137723915,6.38374385896102,0
48238,2,68,1,29,523318.999726232,1,5685.24267909559,6.21876853455554,0
48238,2,69,1,30,529004.242405328,3753,9490.84854822292,5.60593084107761,0
48238,2,70,1,31,538495.090953551,1,5734.68829046399,4.95481754945354,0
48238,2,71,1,32,544229.779244015,1,5673.88706487138,4.82175435260487,0
48238,2,72,1,33,549903.666308886,1,5820.2597273303,4.41652668963494,0
48238,2,73,1,34,555723.926036217,1,5815.7376290164,4.097374903434,0
48238,2,74,1,35,561539.663665233,1,5726.3184383664,4.32936948563895,0
48238,2,75,1,36,567265.982103599,1,5677.03163572517,3.85944739088355,0
48238,2,76,1,37,572943.013739325,1,5719.43238125823,3.30533176815913,0
48238,2,77,1,38,578662.446120583,722,6411.34542202239,2.84529798783036,0
48238,2,78,1,39,585073.791542605,1,10275.9704615765,0,1
48238,2,79,1,40,595349.762004182,2,7412.19990779599,6.94630078135154,0
48238,2,80,1,41,602761.961911978,1414,8518.89211554232,6.69848568382211,0
48238,2,81,1,42,611280.85402752,1,5744.14294049714,6.04148137208291,0
48238,2,82,1,43,617024.996968017,3,5711.10598428454,5.50155860889559,0
48238,2,83,1,44,622736.102952302,1,5647.02982246131,5.09624573975171,0
48238,2,84,1,45,628383.132774763,1,5731.89965658635,4.29243737198607,0
